140.0, 82.0, 0.2538135, 0.41849047, 0.16467696, 0.32490918, 0.3173995, 0.046511754, 0.9997675254718016, 0.2959042, 0.35180396, -1.0778449815148614
140.0, 82.0, 0.20805147, 0.4275434, 0.21949193, 0.30384922, 0.28503448, 0.05978338, 0.999829545945083, 0.5822805, 0.26333067, -0.8480939365972198
140.0, 82.0, 0.23872529, 0.38022283, 0.14149754, 0.3098351, 0.30446675, 0.035258207, 0.9998012105563119, -0.05564766, 0.29785115, -0.42185409371233096
120.0, 60.0, 0.24986735, 0.36553252, 0.11566517, 0.309957, 0.30658907, 0.03324825, 0.9996779682298836, 0.16455576, 0.28594637, -1.304149872749505
120.0, 60.0, 0.25567052, 0.35833663, 0.10266611, 0.30318198, 0.2972377, 0.029246617, 0.9995996948550497, 0.3423253, 0.27948, -1.2809130579699988
120.0, 60.0, 0.25162485, 0.37707254, 0.12544769, 0.3100372, 0.30886057, 0.037750762, 0.9997415135962345, 0.21654272, 0.31711763, -1.3104278538567733
135.0, 75.0, 0.1373524, 0.5297453, 0.39239287, 0.28005597, 0.23162884, 0.11702112, 0.9998998331459374, 0.7696225, 0.16716407, -0.7859056562795521
135.0, 75.0, 0.066354945, 0.54417026, 0.47781533, 0.31473297, 0.31028646, 0.11768692, 0.9999479775163692, -0.117228836, 0.32059953, -0.3761327612243801
135.0, 75.0, 0.2331211, 0.45407212, 0.22095102, 0.31609356, 0.2940708, 0.07261682, 0.9999286255004143, 0.6408681, 0.24313568, -0.995715875484791
130.0, 66.0, 0.24920413, 0.41195777, 0.16275364, 0.3252982, 0.31754875, 0.057447493, 0.9998979652544084, 0.19757691, 0.3945483, -1.548222717517016
130.0, 66.0, 0.24280407, 0.3945152, 0.15171112, 0.2975807, 0.28216606, 0.043407515, 0.999849798211166, 0.7408673, 0.26054513, -0.7807148930025938
130.0, 66.0, 0.25019896, 0.4090728, 0.15887383, 0.30527195, 0.28216606, 0.051323768, 0.9998872947978406, 0.743372, 0.25782597, -0.9481326220707866
133.0, 77.0, 0.22035415, 0.45944417, 0.23909001, 0.32626775, 0.31451082, 0.071133144, 0.9998998503966939, 0.19709562, 0.29735374, -1.264857067237034
133.0, 77.0, 0.26545298, 0.39560944, 0.13015646, 0.31258976, 0.29632574, 0.039525095, 0.9998867471248936, 0.84410626, 0.27659503, -0.7041404766386945
133.0, 77.0, 0.25968295, 0.39149752, 0.13181457, 0.30284017, 0.2870407, 0.039940882, 0.9998834247897848, 0.9998012, 0.27241677, -0.44148811457323633
116.0, 66.0, 0.23938851, 0.40499398, 0.16560547, 0.30796337, 0.2996916, 0.046753276, 0.999323994252153, 0.57112813, 0.4019432, -0.838133234917068
116.0, 66.0, 0.2836583, 0.43261704, 0.14895874, 0.33180276, 0.32240683, 0.032599878, 0.9998415407658008, 0.6968604, 0.30995488, -0.14887801430850756
116.0, 66.0, 0.26654726, 0.3645377, 0.09799042, 0.3036642, 0.29504904, 0.029429056, 0.9997432448281154, 0.63399476, 0.27500328, -0.981040231100403
137.0, 65.0, 0.26485607, 0.36052528, 0.09566921, 0.30122048, 0.29002517, 0.03039676, 0.9997743126164427, 0.6713616, 0.27540123, -1.0320033324479398
137.0, 65.0, 0.2669452, 0.35273248, 0.08578727, 0.305213, 0.30068642, 0.025463399, 0.9996908426072867, 0.40654218, 0.28239816, -1.2405481827567673
137.0, 65.0, 0.2703276, 0.3493169, 0.0789893, 0.3027084, 0.29370606, 0.025211666, 0.9996546968596496, 0.53851116, 0.2761971, -1.2255025944347524
124.0, 62.0, 0.27516907, 0.34855416, 0.07338509, 0.30779213, 0.30270922, 0.021065667, 0.999318114579655, 0.3459079, 0.29135162, -1.2603820297329176
124.0, 62.0, 0.27599812, 0.34938318, 0.07338506, 0.3097103, 0.305959, 0.019889519, 0.9992393601298047, 0.2957473, 0.31433213, -1.099719034825637
124.0, 62.0, 0.26604983, 0.34009814, 0.07404831, 0.30399966, 0.30216205, 0.02112037, 0.9993580060210234, 0.124257356, 0.29005834, -1.2880038852722149
120.0, 63.0, 0.15545826, 0.5405226, 0.3850643, 0.30772972, 0.27256596, 0.12542829, 0.9998885298996417, 0.54819685, 0.17459212, -1.1474678804965484
120.0, 63.0, 0.22108367, 0.42210504, 0.20102137, 0.30797666, 0.29314232, 0.06525156, 0.9998833808778411, 0.42546222, 0.2354092, -1.2896805327668277
120.0, 63.0, 0.22798115, 0.41693193, 0.18895078, 0.30239707, 0.28869876, 0.05844955, 0.9998599648479221, 0.5362878, 0.24950258, -1.0738482274465557
169.0, 76.0, 0.19269796, 0.45947737, 0.26677942, 0.2962845, 0.2730468, 0.08177851, 0.9998473588847204, 0.67965275, 0.33542243, -0.8625866409081628
169.0, 76.0, 0.24373259, 0.41517437, 0.17144178, 0.30125183, 0.2764458, 0.0539199, 0.9998662800846463, 0.8368588, 0.25026527, -0.7667310435252381
169.0, 76.0, 0.24389839, 0.41149357, 0.16759518, 0.3120958, 0.29410398, 0.053940494, 0.9998647545622542, 0.55094874, 0.261341, -1.2557709979033427
173.0, 100.0, 0.18944818, 0.42094442, 0.23149624, 0.30004755, 0.29869676, 0.0732707, 0.9997478884137793, 0.08905509, 0.38178137, -1.468027864163629
173.0, 100.0, 0.2590529, 0.35986206, 0.10080916, 0.30727875, 0.3095238, 0.028803356, 0.9994740278760138, 0.011803276, 0.27029446, -1.3656120164124752
173.0, 100.0, 0.2608436, 0.36583102, 0.10498741, 0.31080362, 0.30924195, 0.031416338, 0.999576656573251, 0.119077966, 0.275766, -1.3724415792221496
131.0, 79.0, 0.2675421, 0.50079584, 0.23325375, 0.37188533, 0.36926317, 0.06657834, 0.9997777131043464, 0.16579477, 0.29649156, -1.2315716565845929
131.0, 79.0, 0.24605384, 0.36602995, 0.1199761, 0.29641876, 0.28651014, 0.032877333, 0.999729839773051, 0.41648555, 0.27006233, -1.0133627832208802
131.0, 79.0, 0.26730996, 0.38426843, 0.11695847, 0.3145695, 0.30652273, 0.033709724, 0.9997388166002238, 0.62062114, 0.27944684, -0.8582875562029684
133.0, 73.0, 0.20510013, 0.45145243, 0.2463523, 0.30729604, 0.28801894, 0.08181696, 0.9999108519757953, 0.40180084, 0.3032564, -1.3352583959912199
133.0, 73.0, 0.20304415, 0.45476854, 0.2517244, 0.31384546, 0.30106777, 0.077661075, 0.9999152542921569, 0.34719583, 0.22904229, -1.23368524743242
133.0, 73.0, 0.25580317, 0.39172962, 0.13592646, 0.3072343, 0.29085422, 0.042002797, 0.9998609380989543, 0.6125696, 0.26236898, -1.0692757795588186
108.0, 66.0, 0.25974926, 0.3752487, 0.11549944, 0.3063941, 0.30100143, 0.032134693, 0.9997067452519717, 0.580927, 0.27138877, -0.765499198913119
108.0, 66.0, 0.12624352, 0.38105184, 0.2548083, 0.29233718, 0.29761904, 0.054820735, 0.9998707380910041, -1.1094562, 0.30567712, 1.20801832433719
108.0, 66.0, 0.26435864, 0.38781664, 0.123458, 0.3117574, 0.2998408, 0.03513976, 0.9997517100746872, 0.7582714, 0.28080645, -0.813845522903224
80.0, 48.0, 0.23610558, 0.44342753, 0.20732196, 0.31323776, 0.301217, 0.06185507, 0.9996979144170943, 0.54768866, 0.25447673, -1.0378948888163837
80.0, 48.0, 0.24466106, 0.46193123, 0.21727017, 0.32392156, 0.29460138, 0.06851986, 0.9997814048868651, 0.5189757, 0.2601472, -1.2046632016413832
80.0, 48.0, 0.2715214, 0.40777954, 0.13625816, 0.32577193, 0.3208151, 0.03822507, 0.999728837084667, 0.4813694, 0.28471944, -1.0198425995214317
113.0, 67.0, 0.19956225, 0.4274439, 0.22788164, 0.3048292, 0.28781998, 0.068184055, 0.9997706831110044, 0.42198324, 0.41421273, -1.2809546803925218
113.0, 67.0, 0.26150683, 0.3905027, 0.12899587, 0.31802765, 0.31126475, 0.0410342, 0.999763600854102, 0.33687606, 0.27351105, -1.3790891676902584
113.0, 67.0, 0.1442499, 0.37050667, 0.22625677, 0.28079903, 0.28655988, 0.054629065, 0.9998576784015383, -0.55121124, 0.34056234, -0.3457074576391683
126.0, 78.0, 0.26671305, 0.3644382, 0.09772515, 0.30777165, 0.30428436, 0.022379702, 0.999325758682166, 0.49285305, 0.30232787, -0.40345237342459095
126.0, 78.0, 0.25799176, 0.34324843, 0.085256666, 0.3011059, 0.29481694, 0.020646507, 0.9992462912637446, 0.31468317, 0.28461996, -1.0428503898829868
126.0, 78.0, 0.16673295, 0.35163814, 0.18490519, 0.28707802, 0.29415372, 0.042436294, 0.9997680495680795, -1.0910245, 0.34029713, 0.6740878014573615
147.0, 85.0, 0.25129324, 0.4239952, 0.17270195, 0.3224217, 0.31831142, 0.050273713, 0.9998515215661842, 0.42047438, 0.27573285, -1.1410372566855989
147.0, 85.0, 0.2443958, 0.40496087, 0.16056506, 0.30927533, 0.30174756, 0.04617986, 0.9998355702531875, 0.36703715, 0.25112745, -1.0683615089192962
147.0, 85.0, 0.24267142, 0.4280408, 0.18536939, 0.31136015, 0.28922933, 0.05710287, 0.9998774654777571, 0.6518738, 0.2512601, -0.9833806652004466
133.0, 72.0, 0.22161424, 0.44919747, 0.22758323, 0.31321767, 0.29471743, 0.06522885, 0.9998364212402335, 0.61616194, 0.27095768, -0.8310340944528782
133.0, 72.0, 0.20241411, 0.4386523, 0.2362382, 0.30290678, 0.28299505, 0.07165585, 0.9998614236295794, 0.5499263, 0.22095102, -1.068532909624843
133.0, 72.0, 0.12166733, 0.45533225, 0.33366492, 0.27710512, 0.25915235, 0.08830009, 0.9998893036751013, 0.32790107, 0.28286242, -0.8018583907975678
129.0, 64.0, 0.23998539, 0.4838838, 0.2438984, 0.33763567, 0.3146969, 0.07406986, 0.9997895952971936, 0.55389273, 0.45967636, -1.084968765839446
129.0, 64.0, 0.21468365, 0.44903168, 0.23434803, 0.30230975, 0.27681056, 0.07306415, 0.9997950996089722, 0.7747029, 0.23607242, -0.8466500066329612
129.0, 64.0, 0.23066719, 0.3978976, 0.16723041, 0.2974539, 0.28128728, 0.0497613, 0.9998339228046483, 0.6565448, 0.2615731, -0.8940555036088944
116.0, 60.0, 0.17883669, 0.55673826, 0.37790155, 0.32296288, 0.2931589, 0.12323584, 0.9998907963807939, 0.5979221, 0.2257262, -1.0889634605203864
116.0, 60.0, 0.16693196, 0.5549144, 0.38798246, 0.29680187, 0.26833797, 0.11805967, 0.9998928554427251, 0.8101802, 0.18036212, -0.6677197573246696
116.0, 60.0, 0.23819469, 0.43235174, 0.19415705, 0.30397776, 0.29047287, 0.056212936, 0.9998585810290764, 0.84093136, 0.2589866, -0.5483474982136598
160.0, 77.0, 0.19714153, 0.43679535, 0.23965383, 0.30107492, 0.28344274, 0.0725465, 0.9997257385402897, 0.4806265, 0.2328558, -1.1818410560529375
160.0, 77.0, 0.44482026, 1.0, 0.5551797, 0.93948054, 0.9999004, 0.14522973, 0.9999931349034827, -2.273562, 1.0, 3.658136354879108
160.0, 77.0, 0.24655126, 0.4011142, 0.15456294, 0.31354654, 0.30287504, 0.04789051, 0.9997747266772675, 0.42040676, 0.27075872, -1.2481868445790911
82.0, 53.0, 0.24960205, 0.39196175, 0.1423597, 0.32568535, 0.32794464, 0.03862099, 0.9995855973984961, -0.08331537, 0.29291016, -1.210740855680539
82.0, 53.0, 0.14487997, 0.368716, 0.22383603, 0.28091532, 0.28791946, 0.056060284, 0.99977158644305, -0.5301161, 0.356977, -0.5865040550982465
82.0, 53.0, 0.25063002, 0.37053984, 0.11990982, 0.3086678, 0.30803156, 0.03431874, 0.9995137789221614, 0.07033386, 0.2607773, -1.327171111013409
110.0, 63.0, 0.114206135, 0.42074543, 0.3065393, 0.2676877, 0.26087674, 0.07676102, 0.9997584286916633, 0.26843217, 0.2128598, -0.8009969478575538
110.0, 63.0, 0.23985273, 0.42147493, 0.1816222, 0.3165498, 0.30260974, 0.057794556, 0.9998306802152604, 0.42535466, 0.39478043, -1.266442707522631
110.0, 63.0, 0.23517706, 0.394681, 0.15950395, 0.30696207, 0.29675686, 0.044744987, 0.9997970595758437, 0.312119, 0.272052, -1.175602647455376
123.0, 68.0, 0.18941502, 0.5211898, 0.33177477, 0.33588842, 0.30862844, 0.1051576, 0.9999040602350909, 0.43603933, 0.29529777, -1.2343104374510747
123.0, 68.0, 0.19395809, 0.52251625, 0.32855815, 0.33188772, 0.3029911, 0.1085777, 0.999910204895821, 0.44227737, 0.20685764, -1.2646589930320578
123.0, 68.0, 0.24744658, 0.41547287, 0.16802628, 0.31414095, 0.29433608, 0.052192673, 0.9998896654343219, 0.60945284, 0.26893488, -1.1467492616063792
108.0, 73.0, 0.25480834, 0.3828094, 0.12800106, 0.31956455, 0.3212959, 0.031656493, 0.9991168603732357, -0.08526123, 0.32235706, -0.8718452107418155
108.0, 73.0, 0.2571959, 0.37465176, 0.11745587, 0.31024644, 0.30246052, 0.030056227, 0.999201229696952, 0.3559888, 0.27324578, -1.0002166939917434
108.0, 73.0, 0.23063403, 0.3613543, 0.13072026, 0.2996165, 0.29529777, 0.028970607, 0.9989311581707959, 0.112253524, 0.29562938, -0.5703613669141898
134.0, 58.0, 0.1721382, 0.54038996, 0.36825174, 0.297239, 0.24298644, 0.121404015, 0.9998553417288265, 0.77004373, 0.20068972, -1.0458458420020798
134.0, 58.0, 0.17190608, 0.50785905, 0.33595297, 0.29438666, 0.2533658, 0.101476364, 0.9997931393151454, 0.82737553, 0.21862976, -0.8290112357788217
134.0, 58.0, 0.24177608, 0.40224162, 0.16046554, 0.2944287, 0.27420744, 0.050823167, 0.9997686095345464, 1.0034118, 0.25487465, -0.5628112216499788
116.0, 61.0, 0.1456758, 0.5280209, 0.38234514, 0.30231637, 0.26639804, 0.12193795, 0.9998508563002041, 0.5358087, 0.17870407, -1.2154469053632107
116.0, 61.0, 0.18215278, 0.49887252, 0.31671974, 0.30620626, 0.28425518, 0.097590655, 0.999794081636509, 0.5520248, 0.20168455, -1.0585179220705585
116.0, 61.0, 0.24094705, 0.397566, 0.15661894, 0.31200996, 0.30557764, 0.05086144, 0.9997643894098662, 0.2784749, 0.25616792, -1.4027749560665967
122.0, 65.0, 0.13910995, 0.79523146, 0.6561215, 0.39363736, 0.36967763, 0.16128317, 0.9999080212415993, 0.5063355, 0.34477386, -0.3911073011013646
122.0, 65.0, 0.11941238, 0.46249503, 0.34308267, 0.3001255, 0.3034056, 0.0880282, 0.9997445972989607, -0.08825, 0.3096896, -0.9042259646374298
122.0, 65.0, 0.25245386, 0.39978775, 0.14733389, 0.32179278, 0.31620574, 0.03783168, 0.999540004455929, 0.30596748, 0.28810182, -0.8531408868115511
165.0, 86.0, 0.21647431, 0.45466903, 0.23819472, 0.3170267, 0.29921076, 0.07311985, 0.9998213228027735, 0.3954447, 0.23696776, -1.3087410937754815
165.0, 86.0, 0.260512, 0.36689216, 0.106380165, 0.30252457, 0.2918988, 0.030187376, 0.9996146691492304, 0.6227383, 0.28969356, -1.000857666561407
165.0, 86.0, 0.2596498, 0.38987267, 0.13022286, 0.31431863, 0.30576003, 0.03992763, 0.9997527268682339, 0.3816669, 0.30806473, -1.3216290749697492
123.0, 56.0, 0.22728479, 0.46345666, 0.23617187, 0.31056267, 0.29009148, 0.06735475, 0.9998483527922751, 0.66328216, 0.29009148, -0.8056794231752691
123.0, 56.0, 0.22184639, 0.43964714, 0.21780075, 0.31136712, 0.301731, 0.06638601, 0.9998542704947339, 0.38121718, 0.24864037, -1.226079476521155
123.0, 56.0, 0.27254942, 0.38138345, 0.10883403, 0.31830293, 0.3128067, 0.032567475, 0.9997429325678325, 0.3485234, 0.29234645, -1.264719588157151
128.0, 64.0, 0.22187954, 0.3828425, 0.16096297, 0.30769345, 0.3139342, 0.04725552, 0.9997842460369473, -0.13631193, 0.2494694, -1.411655816413554
128.0, 64.0, 0.24011804, 0.38214618, 0.14202814, 0.30906406, 0.30761704, 0.043113463, 0.9996608161446455, 0.12816511, 0.34417695, -1.4040203399460804
128.0, 64.0, 0.25139275, 0.37126938, 0.11987662, 0.30400658, 0.29586154, 0.034633316, 0.999636387365343, 0.47783798, 0.26916698, -1.0572144747666354
149.0, 71.0, 0.2443958, 0.47330543, 0.22890963, 0.33351395, 0.3163052, 0.06825165, 0.999901911857312, 0.43778282, 0.41693193, -1.1606045023160592
149.0, 71.0, 0.23056768, 0.41922006, 0.18865238, 0.3115961, 0.30138278, 0.058082342, 0.9998643228792257, 0.3287511, 0.271024, -1.2819792982292024
149.0, 71.0, 0.12869743, 0.4460804, 0.31738296, 0.30378836, 0.28299507, 0.073770225, 0.9998951905739594, 0.4242521, 0.23733251, -0.738891190905234
141.0, 67.0, 0.2847526, 0.6216341, 0.33688152, 0.35886854, 0.33920282, 0.070158936, 0.9999669500313155, 1.4763358, 0.31227612, 2.1768116485499727
141.0, 67.0, 0.2753681, 0.3640735, 0.08870539, 0.31097606, 0.30489784, 0.02707558, 0.9997629265244645, 0.52016866, 0.29324177, -1.104775095296495
141.0, 67.0, 0.2720188, 0.3754808, 0.10346201, 0.31083724, 0.30295795, 0.030967988, 0.9997862862490893, 0.6722492, 0.27871734, -0.8695698003709702
89.0, 42.0, 0.22781536, 0.43291545, 0.20510009, 0.30672762, 0.283907, 0.062413074, 0.9999018265675925, 0.68916595, 0.2459875, -0.9343375752404213
89.0, 42.0, 0.23202677, 0.43208644, 0.20005967, 0.30812046, 0.2860293, 0.059340943, 0.9998909318076438, 0.7966272, 0.25013262, -0.7187455511878973
89.0, 42.0, 0.24873987, 0.43384397, 0.1851041, 0.3069575, 0.28087276, 0.056677904, 0.9998888550832037, 0.976856, 0.2642592, -0.4748921421011727
148.0, 69.0, 0.11413979, 0.3317084, 0.2175686, 0.24728312, 0.24187557, 0.05373441, 0.9998330197967621, -0.2952416, 0.31536013, -0.4766959375615394
148.0, 69.0, 0.21740283, 0.4459146, 0.22851177, 0.31006014, 0.29097027, 0.0694622, 0.9998766721130419, 0.45442724, 0.25951716, -1.2007854887474179
148.0, 69.0, 0.19438915, 0.38778353, 0.19339438, 0.28920847, 0.2766779, 0.05622319, 0.9998413485618387, 0.2788369, 0.2551731, -1.2771981647962343
125.0, 62.0, 0.23451383, 0.48159567, 0.24708183, 0.32035017, 0.30115068, 0.075360805, 0.9999111340337072, 0.7999822, 0.25218862, -0.6713193886917961
125.0, 62.0, 0.2661162, 0.37332535, 0.107209146, 0.3059855, 0.29201484, 0.033571377, 0.999837552822382, 0.7560062, 0.29940975, -0.9216721888837416
125.0, 62.0, 0.2665141, 0.3759782, 0.10946411, 0.31269723, 0.30219525, 0.035600692, 0.9998557685451428, 0.45855892, 0.26896802, -1.2983810057399765
137.0, 84.0, 0.26090991, 0.42203873, 0.16112882, 0.32208544, 0.30660564, 0.05067609, 0.9998811849948712, 0.71563977, 0.27089137, -0.9127817100334239
137.0, 84.0, 0.26233584, 0.39325505, 0.13091922, 0.30741054, 0.2855153, 0.04415144, 0.9998695788579562, 0.7939457, 0.26996285, -0.9289470593585545
137.0, 84.0, 0.24950258, 0.3766083, 0.12710573, 0.2986839, 0.28636092, 0.040771894, 0.9998497145847094, 0.7067707, 0.28985938, -0.9528984037166333
139.0, 71.0, 0.26581773, 0.3603263, 0.09450856, 0.3048491, 0.29931024, 0.027766755, 0.99960436499113, 0.46051508, 0.27758986, -1.178853501734201
139.0, 71.0, 0.26512137, 0.36158642, 0.09646505, 0.31117693, 0.30786577, 0.029910285, 0.9996967042103533, 0.12046336, 0.27311313, -1.4073592161957207
139.0, 71.0, 0.1795331, 0.35933146, 0.17979836, 0.28636467, 0.28672567, 0.044647545, 0.9998275508621491, -0.43329343, 0.34129196, -0.5816442623078593
118.0, 55.0, 0.2127603, 0.51810586, 0.30534557, 0.33260748, 0.30982226, 0.08980223, 0.9998835552199816, 0.6432753, 0.24986735, -0.8591666209572022
118.0, 55.0, 0.19717468, 0.4904828, 0.29330814, 0.3130992, 0.28140336, 0.089010134, 0.9998770004150436, 0.7128878, 0.23424858, -0.896540465151658
118.0, 55.0, 0.2564664, 0.40310383, 0.14663744, 0.3114796, 0.29748636, 0.044386387, 0.9998489341127055, 0.6577929, 0.26217005, -0.9789632647463344
135.0, 84.0, 0.1220321, 0.5497082, 0.42767608, 0.29632172, 0.27614737, 0.12658948, 0.9998795470733146, 0.53611493, 0.27400845, -1.0015612133605198
135.0, 84.0, 0.1220321, 0.5497082, 0.42767608, 0.29632172, 0.27614737, 0.12658948, 0.9998795470733146, 0.53611493, 0.27400845, -1.0015612133605198
135.0, 84.0, 0.14013794, 0.57295394, 0.432816, 0.3091065, 0.2861122, 0.124087416, 0.9998829847115912, 0.59190327, 0.18914975, -0.9529107938131487
119.0, 64.0, 0.21421939, 0.48219258, 0.26797318, 0.3154532, 0.28818476, 0.08144176, 0.999883940522476, 0.7099101, 0.28478575, -0.8228256604737503
119.0, 64.0, 0.21421939, 0.48219258, 0.26797318, 0.3154532, 0.28818476, 0.08144176, 0.999883940522476, 0.7099101, 0.28478575, -0.8228256604737503
119.0, 64.0, 0.2580912, 0.38718662, 0.1290954, 0.30718574, 0.295961, 0.038256045, 0.9998523232050661, 0.73943603, 0.29300967, -0.7762717584301226
118.0, 68.0, 0.21362248, 0.4091391, 0.19551662, 0.31161913, 0.3085953, 0.06060542, 0.9998270942336683, 0.038175393, 0.38224566, -1.4373901411274868
118.0, 68.0, 0.25911924, 0.37302694, 0.113907695, 0.30893052, 0.30378696, 0.0334039, 0.9998490676834348, 0.26432347, 0.36400717, -1.2640399126114623
118.0, 68.0, 0.25394613, 0.34908476, 0.09513864, 0.29651245, 0.29204798, 0.028527161, 0.9997916428063072, 0.2497224, 0.33568773, -1.3652420966615453
98.0, 56.0, 0.22042045, 0.39421672, 0.17379627, 0.2858807, 0.26707783, 0.052287053, 0.9998665032740084, 0.6363423, 0.26140732, -0.9898001626770645
98.0, 56.0, 0.24098021, 0.39106643, 0.15008622, 0.29547656, 0.2785681, 0.046611264, 0.9998664649348332, 0.74013025, 0.2543109, -0.8662760469424176
98.0, 56.0, 0.13602598, 0.40260643, 0.26658046, 0.27865794, 0.27639604, 0.06984464, 0.999928509779312, -0.13369521, 0.16792679, -0.7075997848522984
124.0, 79.0, 0.19651146, 0.43679535, 0.24028389, 0.29844332, 0.28558162, 0.073174395, 0.9998974680587266, 0.3575186, 0.23152936, -1.2148380097732618
124.0, 79.0, 0.21660696, 0.43318075, 0.21657379, 0.30508262, 0.28047484, 0.074368194, 0.9999023740157755, 0.50011945, 0.23988593, -1.3062192312817187
124.0, 79.0, 0.25686428, 0.3651678, 0.10830352, 0.3070395, 0.30398592, 0.03531138, 0.999862523678822, 0.1486624, 0.3570765, -1.5299291480435795
135.0, 63.0, 0.22138213, 0.44392493, 0.22254281, 0.30365768, 0.2758489, 0.07264964, 0.9999285016633594, 0.72050893, 0.24028385, -0.9795089321343471
135.0, 63.0, 0.11914708, 0.43341288, 0.3142658, 0.2839183, 0.2688851, 0.08380265, 0.9999424479426489, 0.13698013, 0.2424393, -0.8830283578179352
135.0, 63.0, 0.07719854, 0.4460804, 0.36888185, 0.2942909, 0.2748209, 0.07538138, 0.9999019558572606, 0.0010829681, 0.24767874, 0.5878814235194905
115.0, 71.0, 0.1865632, 0.5385329, 0.35196972, 0.29998726, 0.26415968, 0.10839969, 0.9999099105926933, 0.96133316, 0.20201616, -0.489896939902958
115.0, 71.0, 0.2331211, 0.42499003, 0.19186893, 0.31173602, 0.29587805, 0.056934837, 0.9999023699325693, 0.4653258, 0.26323116, -1.1201169995980538
115.0, 71.0, 0.22675417, 0.42565325, 0.19889908, 0.294503, 0.2766945, 0.053396374, 0.9998951738094412, 0.9123485, 0.2740748, -0.3393868091652781
135.0, 69.0, 0.21637484, 0.44518498, 0.22881013, 0.3171212, 0.3019797, 0.06596447, 0.9998540367905434, 0.37037194, 0.3092585, -1.1663176286279515
135.0, 69.0, 0.2785847, 0.36533362, 0.08674893, 0.31076112, 0.30363774, 0.024273088, 0.999743462272557, 0.7745658, 0.2947672, -0.6795932318205589
135.0, 69.0, 0.25845602, 0.3614206, 0.10296458, 0.302509, 0.29354024, 0.03274645, 0.9998045603988114, 0.42686284, 0.27085817, -1.3566936246528665
149.0, 70.0, 0.2572954, 0.39909133, 0.14179593, 0.3061809, 0.28209972, 0.04824279, 0.9998854864376567, 0.845156, 0.26495555, -0.8657097610955442
149.0, 70.0, 0.2370092, 0.38350573, 0.14649653, 0.3057039, 0.2883008, 0.044105336, 0.9998573757489425, 0.4487486, 0.26747578, -1.3770066126986833
149.0, 70.0, 0.19472076, 0.39448202, 0.19976126, 0.28919092, 0.27845204, 0.05687909, 0.999891376819449, 0.32699135, 0.22071892, -1.0395587796260026
163.0, 63.0, 0.18410927, 0.4933678, 0.30925852, 0.29900247, 0.26807266, 0.0970877, 0.9999003238992197, 0.58751446, 0.20788567, -1.0906345783139604
163.0, 63.0, 0.25739485, 0.42581904, 0.16842419, 0.31247732, 0.29160032, 0.0510535, 0.9998914215444975, 0.83679605, 0.2628001, -0.6919249570178923
163.0, 63.0, 0.24986735, 0.42074543, 0.17087808, 0.31733373, 0.29972476, 0.05597319, 0.9999023850625672, 0.5175529, 0.27274838, -1.2371485342284585
136.0, 68.0, 0.19014458, 0.51104254, 0.32089794, 0.30708444, 0.27329552, 0.10440693, 0.9999219877683199, 0.7031244, 0.21146701, -0.9225565902867072
136.0, 68.0, 0.22934075, 0.40844277, 0.17910202, 0.29670346, 0.28077328, 0.057531137, 0.9998948048875239, 0.6529108, 0.23620504, -0.9744561620238343
136.0, 68.0, 0.23670244, 0.4121899, 0.17548746, 0.31173182, 0.30221182, 0.057625383, 0.9999002063086725, 0.36976528, 0.39680326, -1.263262008538698
158.0, 88.0, 0.20287834, 0.46992305, 0.26704472, 0.32488295, 0.31549275, 0.08145598, 0.9999020572649515, 0.22798672, 0.23116459, -1.2887555519876266
158.0, 88.0, 0.18328026, 0.4462462, 0.26296595, 0.29211822, 0.26857007, 0.08281465, 0.9999110057720243, 0.45837677, 0.27709243, -1.2136813110036995
158.0, 88.0, 0.25013262, 0.37365696, 0.12352434, 0.30034673, 0.28654328, 0.040110134, 0.9998603870841979, 0.48720446, 0.26090991, -1.2702613219617362
113.0, 67.0, 0.28481895, 0.37531498, 0.09049603, 0.32111347, 0.3195052, 0.025703635, 0.999718266588753, 0.5096939, 0.2907879, -0.8723310500672055
113.0, 67.0, 0.28070697, 0.37395546, 0.09324849, 0.313133, 0.3080647, 0.026749713, 0.9997217681988574, 0.77863145, 0.28657645, -0.6266527552158832
113.0, 67.0, 0.13934207, 0.36354288, 0.22420081, 0.28727505, 0.28912985, 0.044702172, 0.9998736954068279, -1.380073, 0.2764292, 2.7145631191920065
124.0, 85.0, 0.28253084, 0.3870208, 0.10448995, 0.31549755, 0.30635694, 0.02624104, 0.9994958449343755, 0.8747602, 0.36314496, -0.34898772220719065
124.0, 85.0, 0.25842282, 0.38624707, 0.12782425, 0.31558302, 0.31063467, 0.030949315, 0.9996622858582873, 0.26310053, 0.27626342, -1.005260639158397
124.0, 85.0, 0.16782728, 0.3835389, 0.21571162, 0.28842333, 0.28858268, 0.048292186, 0.9998355097323391, -0.275077, 0.29914442, -0.06806629378305207
136.0, 64.0, 0.25172436, 0.47097316, 0.2192488, 0.33401752, 0.3281768, 0.05197114, 0.9997032135470496, 0.5837934, 0.27835256, -0.30047061692392374
136.0, 64.0, 0.23958747, 0.3752155, 0.13562803, 0.2997598, 0.29667395, 0.033560816, 0.9992979388855014, 0.40340224, 0.3129062, -0.854477032902055
136.0, 64.0, 0.2667794, 0.39249235, 0.12571296, 0.31767502, 0.31827828, 0.028869899, 0.9996943533877279, 0.24741149, 0.29751953, -0.5095881057686835
115.0, 62.0, 0.22552724, 0.43769068, 0.21216343, 0.3111294, 0.2986636, 0.06182043, 0.9998567069184671, 0.46779338, 0.29499933, -1.0578143027428748
115.0, 62.0, 0.22930759, 0.43284914, 0.20354155, 0.31246912, 0.29785115, 0.060744267, 0.9998600308374034, 0.46088946, 0.24966839, -1.134847880415545
115.0, 62.0, 0.268139, 0.36748907, 0.099350065, 0.3089197, 0.3017144, 0.030738931, 0.9997749310046672, 0.48013717, 0.2771256, -1.1255449643241306
147.0, 70.0, 0.27477118, 0.387054, 0.11228281, 0.30951318, 0.29466772, 0.03464034, 0.9998563360675756, 0.96102226, 0.28044167, -0.5302552067810495
147.0, 70.0, 0.27410796, 0.3832073, 0.10909933, 0.30844247, 0.29685634, 0.033995286, 0.9998462267578337, 0.9389552, 0.27898258, -0.5280473935886816
147.0, 70.0, 0.27191934, 0.37770256, 0.105783224, 0.3048794, 0.28936195, 0.03310237, 0.9998398447255399, 0.9976052, 0.27792147, -0.4586674844493497
107.0, 73.0, 0.22818011, 0.39444882, 0.1662687, 0.311502, 0.3076502, 0.04239108, 0.9992557693841574, 0.116901055, 0.3501459, -1.074129791975666
107.0, 73.0, 0.280508, 0.33658305, 0.056075037, 0.30712947, 0.3053455, 0.013539318, 0.9969378705499022, 0.16849841, 0.32623687, -1.0422579627862298
107.0, 73.0, 0.27099082, 0.34503907, 0.07404825, 0.30381396, 0.30234444, 0.016187837, 0.9979893766256354, 0.3539727, 0.2930428, -0.5979731073299628
115.0, 75.0, 0.20728876, 0.93533623, 0.7280475, 0.3933684, 0.34915107, 0.15430044, 0.9999235501483564, 1.0810508, 0.2671773, 0.9319354655892917
115.0, 75.0, 0.23567447, 0.42956626, 0.1938918, 0.31867662, 0.31516114, 0.049430322, 0.9997518438526021, 0.3166535, 0.30813104, -0.9430039861016928
115.0, 75.0, 0.22791481, 0.41109565, 0.18318084, 0.29822072, 0.2834593, 0.05264969, 0.999761318547802, 0.6391531, 0.24389839, -0.897566248531791
112.0, 68.0, 0.251857, 0.50427777, 0.25242075, 0.32861704, 0.29581177, 0.07588909, 0.9998477661420565, 1.0205644, 0.2590529, -0.28459141146214195
112.0, 68.0, 0.2237034, 0.50447667, 0.28077328, 0.3286707, 0.30634034, 0.08280982, 0.9998445272116185, 0.65622133, 0.24568908, -0.8949210569852757
112.0, 68.0, 0.26445815, 0.39604056, 0.13158241, 0.3073326, 0.29047287, 0.03813616, 0.9997605152423328, 0.969983, 0.28163546, -0.4718193453017583
135.0, 89.0, 0.21753548, 0.43706056, 0.21952508, 0.31627995, 0.31186163, 0.06599974, 0.9998358119046193, 0.19808084, 0.23458019, -1.395151427087823
135.0, 89.0, 0.20861518, 0.41769463, 0.20907944, 0.30181342, 0.2956957, 0.06521368, 0.9998208577717547, 0.27820256, 0.23099878, -1.3239247104808753
135.0, 89.0, 0.27142194, 0.3719326, 0.10051066, 0.31356964, 0.30557767, 0.031928767, 0.9997641342456157, 0.48906338, 0.36334395, -1.1728969785555563
107.0, 60.0, 0.22861122, 0.43994564, 0.21133442, 0.32695737, 0.32288763, 0.06389181, 0.9996724552007564, 0.13215326, 0.26903433, -1.3747538967354171
107.0, 60.0, 0.21743597, 0.4238294, 0.20639344, 0.29225412, 0.2713722, 0.06059182, 0.9996730231359415, 0.7227502, 0.25815758, -0.8083388892988204
107.0, 60.0, 0.2515917, 0.37621033, 0.12461862, 0.30095324, 0.29158375, 0.03523076, 0.9996163492436118, 0.6035399, 0.27052656, -1.0009805399822715
140.0, 72.0, 0.1718729, 0.56867623, 0.39680332, 0.30321196, 0.26417628, 0.12238069, 0.9999197991831652, 0.9096241, 0.1944223, -0.4614055130267185
140.0, 72.0, 0.18274969, 0.5591922, 0.3764425, 0.32427204, 0.27707586, 0.13034056, 0.9999221456088552, 0.61755216, 0.21040589, -1.2042788552780366
140.0, 72.0, 0.24210769, 0.44037664, 0.19826895, 0.31792352, 0.2999403, 0.062497318, 0.9999150103536987, 0.66289014, 0.2691338, -0.9650025086634555
137.0, 80.0, 0.23295529, 0.40966973, 0.17671444, 0.30558902, 0.2859298, 0.057526715, 0.9998387078596733, 0.50291455, 0.25968295, -1.2770713688489306
137.0, 80.0, 0.24147762, 0.41766143, 0.1761838, 0.32075834, 0.31622228, 0.053778216, 0.999844682735166, 0.23114115, 0.25106114, -1.36229019410482
137.0, 80.0, 0.24549009, 0.41454434, 0.16905425, 0.31501076, 0.30319005, 0.04680239, 0.9997929022741366, 0.53830504, 0.30259317, -0.9208767398437017
128.0, 73.0, 0.15764691, 0.47247642, 0.31482953, 0.28016347, 0.24575539, 0.0939592, 0.9999072939631396, 0.73203665, 0.21415304, -0.7501770079637238
128.0, 73.0, 0.25576997, 0.41570497, 0.159935, 0.31732795, 0.30513, 0.05078729, 0.999904809455846, 0.60812163, 0.26727682, -0.9819793478280778
128.0, 73.0, 0.25613478, 0.40323645, 0.14710167, 0.30742592, 0.29226354, 0.04568098, 0.9998849390070328, 0.8062467, 0.26250163, -0.7428018953546576
148.0, 88.0, 0.220122, 0.41895476, 0.19883277, 0.2971869, 0.28331012, 0.050514337, 0.9995862265593904, 0.6624654, 0.268139, -0.6654141585772209
148.0, 88.0, 0.25288498, 0.360061, 0.107176006, 0.30151546, 0.29624283, 0.025555868, 0.9994980858800298, 0.3722845, 0.28100544, -0.6208468541982448
148.0, 88.0, 0.26343015, 0.36228275, 0.098852605, 0.3073883, 0.30226156, 0.025418116, 0.9994496027708238, 0.43632045, 0.28362513, -0.8327490895220651
101.0, 70.0, 0.27500328, 0.33704734, 0.062044054, 0.3085306, 0.3072357, 0.013026844, 0.998357392381661, 0.21118912, 0.30726886, -0.23533166613078516
101.0, 70.0, 0.25858864, 0.38091922, 0.122330576, 0.31547183, 0.31167924, 0.032501213, 0.9992011499492763, 0.3025405, 0.29121897, -1.1081284468131485
101.0, 70.0, 0.23196046, 0.34905156, 0.117091104, 0.28727627, 0.28554845, 0.028986515, 0.9991209924338267, 0.24549165, 0.28700754, -0.9197753673186329
110.0, 63.0, 0.144482, 0.52792144, 0.38343942, 0.28607813, 0.2556871, 0.107408464, 0.9998626158843122, 0.7160157, 0.21594374, -0.7347867800443364
110.0, 63.0, 0.22300702, 0.43288234, 0.20987532, 0.31255522, 0.29403764, 0.06856258, 0.9998792072997726, 0.4407602, 0.40416497, -1.2890798409341797
110.0, 63.0, 0.22867753, 0.42863774, 0.19996022, 0.30765927, 0.29262835, 0.06252489, 0.9998609221122436, 0.5842115, 0.23756467, -1.028429092616266
120.0, 63.0, 0.26435864, 0.4083433, 0.14398465, 0.31063598, 0.2999403, 0.039209858, 0.9997921915339374, 0.99920976, 0.28276294, -0.17664347002236225
120.0, 63.0, 0.28123754, 0.35512003, 0.07388249, 0.3048523, 0.29606044, 0.021243002, 0.9996453424201466, 1.0590358, 0.28853294, -0.20029265356202997
120.0, 63.0, 0.28173497, 0.3652341, 0.08349913, 0.31411058, 0.30867818, 0.022898693, 0.9996599519873983, 0.7565371, 0.31008753, -0.6058837034384208
125.0, 74.0, 0.21829815, 0.44734043, 0.22904228, 0.3234621, 0.32166064, 0.07075839, 0.9998564108848396, 0.25323918, 0.22890964, -1.249970191791347
125.0, 74.0, 0.20805147, 0.46209705, 0.25404558, 0.31813613, 0.3071362, 0.08379769, 0.9998953816599301, 0.29748377, 0.22115003, -1.4046477721317594
125.0, 74.0, 0.26163948, 0.38595968, 0.12432021, 0.3196443, 0.31930628, 0.039325867, 0.9998354531794614, 0.19710338, 0.2744064, -1.3322437936769598
98.0, 59.0, 0.21541317, 0.46932614, 0.253913, 0.31337994, 0.30232787, 0.070968755, 0.9997752000589616, 0.6327959, 0.3010346, -0.6188397336602343
98.0, 59.0, 0.2365035, 0.5437534, 0.3072499, 0.3416641, 0.32466173, 0.0774768, 0.999816362998421, 0.60327893, 0.32995087, -0.7266765289234187
98.0, 59.0, 0.27354422, 0.36045888, 0.08691466, 0.30758855, 0.30254343, 0.02270443, 0.9995584921251814, 0.644244, 0.2872728, -0.7311599716215316
149.0, 84.0, 0.2051996, 0.37909538, 0.17389578, 0.30549124, 0.30405226, 0.03992791, 0.9996692742370904, -0.27151296, 0.29244596, -0.536856135611556
149.0, 84.0, 0.25046423, 0.35896665, 0.10850242, 0.30142707, 0.29513198, 0.029825183, 0.999452152087935, 0.20774676, 0.27112347, -1.3263453095726434
149.0, 84.0, 0.28680858, 0.33999863, 0.053190053, 0.3093863, 0.3052792, 0.013826994, 0.9991301812848412, 0.52874273, 0.30063668, -0.9390758665296333
117.0, 82.0, 0.28995886, 0.5330945, 0.24313566, 0.346139, 0.3372131, 0.046462372, 0.9999233135679414, 1.6394923, 0.31419948, 3.0055287672429865
117.0, 82.0, 0.29931024, 0.32839233, 0.02908209, 0.310857, 0.3082471, 0.0065581887, 0.9977649031453948, 0.91600245, 0.30677143, -0.2909017280274102
117.0, 82.0, 0.28246447, 0.34109297, 0.0586285, 0.30544102, 0.29788432, 0.017442066, 0.9996467034629043, 0.59159726, 0.29370603, -1.0872101343140328
117.0, 70.0, 0.2610757, 0.36238223, 0.10130653, 0.3015514, 0.29178274, 0.028190454, 0.9992245381054008, 0.65715617, 0.27404165, -0.8552859725395177
117.0, 70.0, 0.25324973, 0.37806737, 0.12481764, 0.3018947, 0.28961068, 0.033450652, 0.9993714874678413, 0.7068497, 0.2753349, -0.826304476178982
117.0, 70.0, 0.25799176, 0.39690277, 0.13891101, 0.30762413, 0.28989252, 0.041415285, 0.9995559217452167, 0.8345164, 0.27344474, -0.7669818177657759
138.0, 69.0, 0.17207189, 0.49535742, 0.32328552, 0.306893, 0.289478, 0.09384506, 0.9999070642480214, 0.48879373, 0.22075206, -0.9780628995647174
138.0, 69.0, 0.23295529, 0.42190605, 0.18895076, 0.31384864, 0.29935998, 0.05636693, 0.9998957804744463, 0.41743433, 0.25374717, -1.2456467423165707
138.0, 69.0, 0.2424393, 0.42237034, 0.17993104, 0.30616537, 0.28685832, 0.0543779, 0.9998920474439242, 0.73914033, 0.25596896, -0.7831262829469674
113.0, 55.0, 0.23882475, 0.48796254, 0.24913779, 0.3378471, 0.3174824, 0.08171443, 0.9999043316160927, 0.55776066, 0.26081043, -1.1126253107226447
113.0, 55.0, 0.2647566, 0.39275765, 0.12800106, 0.30946115, 0.29403764, 0.04191957, 0.9998641938882776, 0.80940306, 0.27198565, -0.8218364322073053
113.0, 55.0, 0.2595503, 0.38781664, 0.12826633, 0.30363688, 0.28657645, 0.04185096, 0.9998671492018428, 0.8549326, 0.26817214, -0.7857582854771872
131.0, 72.0, 0.28710702, 0.37060615, 0.08349913, 0.33005428, 0.33550537, 0.025168756, 0.9996324375128813, -0.17960978, 0.29145113, -1.3664143438047
131.0, 72.0, 0.25305077, 0.3533957, 0.100344926, 0.30927292, 0.31126475, 0.026434092, 0.9996497064792724, -0.19560064, 0.2962926, -1.0892175714061527
131.0, 72.0, 0.27785516, 0.34444225, 0.06658709, 0.31241602, 0.31320465, 0.01773356, 0.9993901140446211, -0.069262065, 0.29818276, -1.3220290145532132
127.0, 78.0, 0.25059688, 0.41922006, 0.16862318, 0.3238569, 0.31977051, 0.04995228, 0.9998193828778392, 0.1943916, 0.2684043, -1.2965598384136234
127.0, 78.0, 0.26339698, 0.4391166, 0.17571962, 0.32595494, 0.30925852, 0.05258685, 0.9998468816853572, 0.6020263, 0.27284783, -0.9748181547750931
127.0, 78.0, 0.2788168, 0.38088605, 0.10206926, 0.3154933, 0.3013662, 0.030413853, 0.9997892893737776, 0.5949372, 0.28733915, -1.043544536970682
109.0, 64.0, 0.14740019, 0.49277088, 0.3453707, 0.30242583, 0.28576404, 0.08997316, 0.9998757560298934, 0.482122, 0.23159571, -0.9410827990270603
109.0, 64.0, 0.2352434, 0.43603262, 0.20078923, 0.30477363, 0.28682518, 0.055141725, 0.9998893883538086, 0.9249697, 0.26027986, -0.36584709711990016
109.0, 64.0, 0.2352434, 0.43603262, 0.20078923, 0.30477363, 0.28682518, 0.055141725, 0.9998893883538086, 0.9249697, 0.26027986, -0.36584709711990016
131.0, 74.0, 0.27055976, 0.3565791, 0.08601934, 0.30739838, 0.30057034, 0.024804441, 0.9997173042442195, 0.5397869, 0.28763762, -1.014490755525366
131.0, 74.0, 0.27629656, 0.35611486, 0.07981831, 0.30855778, 0.30081904, 0.024340348, 0.9997134629959071, 0.5533991, 0.28786972, -1.1572196544734896
131.0, 74.0, 0.27264887, 0.34885257, 0.076203704, 0.3032236, 0.2984315, 0.020251453, 0.9995801730546463, 0.65515697, 0.28896406, -0.6993340533608197
131.0, 71.0, 0.20997478, 0.47446606, 0.26449126, 0.32007912, 0.306987, 0.080289625, 0.9998909161823325, 0.5454501, 0.31482956, -0.9266769985518835
131.0, 71.0, 0.26429233, 0.54519826, 0.28090593, 0.3349997, 0.31793007, 0.056084555, 0.9999427920441002, 1.3841558, 0.28786972, 2.2940299816485368
131.0, 71.0, 0.26326436, 0.39255866, 0.1292943, 0.31183827, 0.30309057, 0.036003623, 0.9998351629776563, 0.6443812, 0.30690408, -0.8056879838380104
133.0, 53.0, 0.20798512, 0.48000392, 0.2720188, 0.3000473, 0.26691204, 0.086664386, 0.9999336502402222, 0.85932094, 0.21402043, -0.7045162371439928
133.0, 53.0, 0.2068245, 0.46813238, 0.2613079, 0.31867683, 0.29874653, 0.093674734, 0.9999330492363425, 0.3493096, 0.22071892, -1.4752355114542464
133.0, 53.0, 0.19617985, 0.4648163, 0.26863647, 0.29083765, 0.2516746, 0.0881286, 0.9999333759729683, 0.7636568, 0.19939645, -0.9097277581233962
118.0, 71.0, 0.2109696, 0.45410532, 0.24313572, 0.3132156, 0.2946014, 0.07549371, 0.9998892666786018, 0.4516527, 0.2353097, -1.233541491555267
118.0, 71.0, 0.1493235, 0.43311444, 0.28379095, 0.28078967, 0.25991508, 0.08165087, 0.9999055930812568, 0.39387614, 0.22808062, -1.0290176359562702
118.0, 71.0, 0.2239355, 0.423962, 0.2000265, 0.29698986, 0.27868414, 0.061597135, 0.9998573738791724, 0.69919765, 0.2313304, -0.8244639384199348
108.0, 59.0, 0.24950258, 0.41776094, 0.16825835, 0.31126916, 0.30574346, 0.0466106, 0.9998398219588497, 0.834459, 0.31184506, -0.32675820532729416
108.0, 59.0, 0.27550068, 0.36357605, 0.08807537, 0.31037852, 0.304417, 0.026989782, 0.9997882906153235, 0.5530553, 0.2866428, -1.109194250880351
108.0, 59.0, 0.27676082, 0.36583102, 0.0890702, 0.3133291, 0.3072357, 0.024693027, 0.9997457108432646, 0.56497693, 0.30428436, -0.9542830386079437
110.0, 75.0, 0.23577397, 0.5420148, 0.3062408, 0.342816, 0.32248968, 0.08099161, 0.9998534893274668, 0.85797274, 0.2683048, -0.30591238244483465
110.0, 75.0, 0.2093779, 0.43467298, 0.22529508, 0.300128, 0.27885, 0.06322013, 0.9998085128464265, 0.6667165, 0.2702613, -0.7844164391994477
110.0, 75.0, 0.26658046, 0.3793938, 0.112813324, 0.3142953, 0.3060585, 0.030933492, 0.9997923962918257, 0.5358433, 0.29158372, -0.9145886578536553
123.0, 75.0, 0.22791481, 0.48428172, 0.2563669, 0.32677472, 0.31647098, 0.07841282, 0.9998976953894498, 0.6258128, 0.24900517, -0.8497227983028139
123.0, 75.0, 0.26624885, 0.39352039, 0.12727153, 0.31639335, 0.3130057, 0.0375012, 0.9998550524577327, 0.5337534, 0.27725825, -0.9581441563749902
123.0, 75.0, 0.2651545, 0.39255866, 0.12740415, 0.31491992, 0.30879426, 0.039736036, 0.9998644476986404, 0.5316464, 0.2754344, -1.0856785655445618
123.0, 78.0, 0.29539722, 0.390569, 0.09517178, 0.33395645, 0.3300504, 0.023823412, 0.99934986829359, 0.457972, 0.33187422, -0.8334984586852117
123.0, 78.0, 0.28558162, 0.3420215, 0.056439877, 0.31144625, 0.31031963, 0.0135342805, 0.9990595529372349, 0.31031144, 0.29586148, -0.7736906707439162
123.0, 78.0, 0.28869876, 0.34358004, 0.054881275, 0.312279, 0.31310517, 0.012660056, 0.9989294506302949, 0.33575675, 0.31764823, -0.4112693036794126
121.0, 78.0, 0.30879423, 0.46030638, 0.15151215, 0.3741691, 0.3681523, 0.04103709, 0.999800223209719, 0.3970821, 0.35376042, -0.9045162860826537
121.0, 78.0, 0.2697639, 0.39126542, 0.121501535, 0.30885118, 0.29539725, 0.03194109, 0.9996830298496548, 1.1185777, 0.2840894, 0.011675858689968344
121.0, 78.0, 0.2645576, 0.349748, 0.085190386, 0.30803782, 0.30436727, 0.021608645, 0.9996380756245064, -0.040388476, 0.30086878, -0.6414972146733087
133.0, 68.0, 0.19840162, 0.5152209, 0.31681925, 0.31346768, 0.27520227, 0.099823, 0.9998607475327006, 0.693921, 0.22081842, -0.9616599375632426
133.0, 68.0, 0.23570763, 0.3900053, 0.15429766, 0.3051504, 0.2914843, 0.05010685, 0.9998485433442057, 0.33044812, 0.26180527, -1.4671641148071073
133.0, 68.0, 0.24605384, 0.40389967, 0.15784582, 0.31730545, 0.31076732, 0.050156713, 0.9998528215662911, 0.25870523, 0.38768402, -1.4167836301213144
176.0, 80.0, 0.20722245, 0.468464, 0.26124156, 0.30601045, 0.28826764, 0.08136807, 0.9998745089928177, 0.5590272, 0.21786709, -1.014600913928598
176.0, 80.0, 0.21103595, 0.4796723, 0.26863635, 0.30166253, 0.2732126, 0.082605906, 0.9998707736118913, 0.78006715, 0.22337179, -0.6806038392558396
176.0, 80.0, 0.2795795, 0.39610687, 0.11652738, 0.32117298, 0.31595698, 0.03302968, 0.9997997006108367, 0.5720325, 0.284421, -0.8782253907458584
157.0, 94.0, 0.18905026, 0.5621435, 0.37309325, 0.31531063, 0.28896403, 0.10814022, 0.999852521400218, 0.82128626, 0.24313568, -0.6051241166584913
157.0, 94.0, 0.18818808, 0.51478976, 0.32660168, 0.29358405, 0.25686428, 0.10262873, 0.9998443713755932, 0.9240274, 0.21315822, -0.5414305684089014
157.0, 94.0, 0.26900116, 0.38715342, 0.11815226, 0.30899748, 0.29632574, 0.03374843, 0.9995646297688301, 0.93461347, 0.27623025, -0.5163709609172633
138.0, 66.0, 0.18268338, 0.60332936, 0.42064598, 0.33131057, 0.28130388, 0.13106774, 0.9999280862329565, 0.65829784, 0.20357475, -0.981556665183851
138.0, 66.0, 0.24330148, 0.43029577, 0.18699428, 0.3084822, 0.28413913, 0.060126904, 0.9998846770639234, 0.7462242, 0.25311708, -0.910708621893729
138.0, 66.0, 0.24170977, 0.4353694, 0.19365963, 0.31215, 0.28631115, 0.0645727, 0.9998877345561895, 0.68292, 0.24993366, -1.0579035138944484
107.0, 63.0, 0.2623027, 0.44057566, 0.17827296, 0.34402385, 0.3338473, 0.05493794, 0.9998479501405225, 0.25269344, 0.38751823, -1.3306458980708438
107.0, 63.0, 0.2348786, 0.38436794, 0.14948934, 0.31854203, 0.3141995, 0.03990164, 0.9997430034642623, -0.0023003165, 0.37468496, -1.1608959514600588
107.0, 63.0, 0.10422467, 0.39242604, 0.2882014, 0.2741583, 0.27203542, 0.07603778, 0.9999127146856371, -0.28804585, 0.32670116, -0.7618899046420644
113.0, 62.0, 0.26767474, 0.5466905, 0.27901578, 0.394057, 0.38590991, 0.08115777, 0.9997989366251286, 0.28629258, 0.31343678, -1.2039101217835289
113.0, 62.0, 0.27662817, 0.39955565, 0.12292749, 0.326239, 0.3152772, 0.03389589, 0.9995714310243965, 0.5748592, 0.37339166, -0.8835067294631767
113.0, 62.0, 0.26369542, 0.36941233, 0.105716914, 0.3078268, 0.298846, 0.0328172, 0.9995460331349899, 0.43491504, 0.27825308, -1.2802617064897086
143.0, 77.0, 0.25553787, 0.40386656, 0.14832869, 0.31060937, 0.28904694, 0.04870191, 0.9998917677490519, 0.7345422, 0.26910067, -1.001990201045716
143.0, 77.0, 0.22980501, 0.39975455, 0.16994955, 0.2955411, 0.2731629, 0.052410696, 0.9998888843585478, 0.7243117, 0.2595503, -0.9531968508958384
143.0, 77.0, 0.24310252, 0.40930492, 0.1662024, 0.30690354, 0.28447074, 0.05124328, 0.999868537502033, 0.7140949, 0.27288103, -0.9417415336968307
123.0, 62.0, 0.1606977, 0.5411858, 0.3804881, 0.30247134, 0.25787568, 0.13045467, 0.99991211893728, 0.48486522, 0.1740947, -1.308194968141693
123.0, 62.0, 0.2349118, 0.48109823, 0.24618644, 0.3152237, 0.26492238, 0.086050935, 0.9999178147327886, 0.8348689, 0.24111286, -0.9120171142523126
123.0, 62.0, 0.23809522, 0.43762437, 0.19952914, 0.3171897, 0.29712164, 0.061664652, 0.9998806317056453, 0.4997024, 0.26469025, -1.2142429022376633
151.0, 82.0, 0.16630189, 0.51525396, 0.34895205, 0.30794686, 0.27929762, 0.10339129, 0.9998644841535824, 0.5365453, 0.2257262, -1.0320132544928493
151.0, 82.0, 0.14978775, 0.47396865, 0.3241809, 0.29162237, 0.266282, 0.10527432, 0.9998537735095198, 0.35836792, 0.446412, -1.3912571267655869
151.0, 82.0, 0.2163085, 0.4050603, 0.18875179, 0.29863584, 0.28463656, 0.05885787, 0.999808883183118, 0.39229771, 0.24890567, -1.2926426900834196
128.0, 71.0, 0.22536144, 0.47595832, 0.25059688, 0.32634145, 0.29375577, 0.08351186, 0.9997928757926106, 0.50499535, 0.23773047, -1.3537508484323248
128.0, 71.0, 0.25580317, 0.40814427, 0.1523411, 0.3133469, 0.29677343, 0.046158183, 0.9997722908464491, 0.7359464, 0.26618248, -0.858746061092666
128.0, 71.0, 0.21906087, 0.41878897, 0.1997281, 0.30740196, 0.2874718, 0.05906073, 0.9998543532960196, 0.5202669, 0.4161692, -1.019022646180293
143.0, 79.0, 0.27387583, 0.3757129, 0.10183707, 0.31511632, 0.30720255, 0.030048752, 0.9997551837761903, 0.54243344, 0.27682713, -1.055309191596354
143.0, 79.0, 0.26027986, 0.39206123, 0.13178137, 0.31866112, 0.30760047, 0.036419246, 0.9998201127502029, 0.52190804, 0.29244596, -0.8831398023737735
143.0, 79.0, 0.16218993, 0.3678538, 0.20566386, 0.28958133, 0.2846034, 0.04994583, 0.9998754849436273, -0.35907596, 0.26495555, -0.40375506487974144
140.0, 87.0, 0.23945482, 0.4612017, 0.22174688, 0.31239584, 0.28515053, 0.071328744, 0.9999327689011629, 0.79223245, 0.30750096, -0.8282587719932799
140.0, 87.0, 0.27095768, 0.36964452, 0.098686844, 0.30462408, 0.29372263, 0.030633315, 0.9998452602211393, 0.8310433, 0.28767076, -0.746099673885201
140.0, 87.0, 0.27198565, 0.37110358, 0.099117935, 0.30445644, 0.28886455, 0.03269738, 0.9998633566179078, 0.8590453, 0.27646238, -0.8103095058113743
139.0, 69.0, 0.15860854, 0.4974466, 0.33883804, 0.30193266, 0.27322918, 0.10134787, 0.9998851088302436, 0.48973075, 0.20924525, -1.1581270119369185
139.0, 69.0, 0.24224034, 0.4161692, 0.17392886, 0.31533915, 0.30337244, 0.05378508, 0.9998822372929619, 0.44756278, 0.24797715, -1.0910794739959322
139.0, 69.0, 0.24170977, 0.417562, 0.17585224, 0.30461416, 0.2813868, 0.05723784, 0.9998946541174366, 0.69553524, 0.2442963, -0.9966484191262119
147.0, 79.0, 0.15406552, 0.5297785, 0.37571296, 0.3037964, 0.2812541, 0.11394695, 0.9998894220484884, 0.42309523, 0.15884069, -1.2184450827008215
147.0, 79.0, 0.17548744, 0.4938652, 0.31837773, 0.30999407, 0.27674425, 0.10589667, 0.9998638456292607, 0.46871677, 0.19707517, -1.35001703096646
147.0, 79.0, 0.26658046, 0.39325505, 0.12667459, 0.3190502, 0.31065124, 0.037305642, 0.999726005661299, 0.6238125, 0.28843343, -0.8843698095988373
112.0, 69.0, 0.22506298, 0.46372196, 0.23865898, 0.30763057, 0.28352565, 0.06924935, 0.9997150768844515, 0.7282616, 0.2445616, -0.7782282734068886
112.0, 69.0, 0.2294734, 0.4647831, 0.2353097, 0.31630304, 0.2876542, 0.07013801, 0.9997260301845183, 0.76024, 0.2564332, -0.7827651376181084
112.0, 69.0, 0.24595435, 0.34792414, 0.10196979, 0.28728873, 0.28200027, 0.025211044, 0.9992651128553672, 0.59087, 0.3311779, -0.6155269772075984
159.0, 86.0, 0.17804086, 0.52178663, 0.34374577, 0.30263048, 0.25442696, 0.116203085, 0.9999436119100699, 0.60420877, 0.1891829, -1.1646403240310983
159.0, 86.0, 0.17522217, 0.50742805, 0.3322059, 0.3040368, 0.26089334, 0.10861895, 0.9999418965271044, 0.5709896, 0.29811645, -1.1631566714035335
159.0, 86.0, 0.24867356, 0.412621, 0.16394743, 0.30837116, 0.28579718, 0.054157913, 0.9999237270115305, 0.60575265, 0.25722906, -1.127234794571485
151.0, 91.0, 0.18102534, 0.41553918, 0.23451383, 0.2613849, 0.23308793, 0.06689487, 0.9997800907997704, 0.905598, 0.21339037, -0.5495646055935435
151.0, 91.0, 0.25510675, 0.38131714, 0.12621039, 0.30112416, 0.28478575, 0.039538246, 0.9997647346402994, 0.6986567, 0.26774108, -1.0115620274158723
151.0, 91.0, 0.25139275, 0.38950786, 0.13811511, 0.3030884, 0.28329352, 0.04351395, 0.9997893847400369, 0.72166896, 0.26485607, -0.9987943450132071
123.0, 61.0, 0.18142325, 0.5121037, 0.33068043, 0.32175693, 0.29211432, 0.10786449, 0.9999168554936191, 0.4716417, 0.45868152, -1.2347520345338332
123.0, 61.0, 0.24824245, 0.40953702, 0.16129456, 0.3097908, 0.28667593, 0.055586655, 0.9998998313911154, 0.60647225, 0.25699693, -1.1932684070655073
123.0, 61.0, 0.11032628, 0.40738156, 0.29705527, 0.288995, 0.28888112, 0.074868545, 0.9999354996612043, -0.3286037, 0.38957417, -0.6103881164798834
139.0, 75.0, 0.20437057, 0.42283458, 0.218464, 0.31028783, 0.30587608, 0.07009993, 0.9998311711412988, 0.14015354, 0.22373654, -1.416781370723564
139.0, 75.0, 0.2055644, 0.44332802, 0.23776363, 0.32047623, 0.3178969, 0.075483896, 0.9998369073195574, 0.16335657, 0.43178803, -1.3722865836007643
139.0, 75.0, 0.26379493, 0.37965912, 0.11586419, 0.31680804, 0.3111487, 0.03510785, 0.999794502926075, 0.29568142, 0.3578724, -1.3242045434862324
149.0, 101.0, 0.21799974, 0.40996814, 0.1919684, 0.3038912, 0.30057037, 0.055379376, 0.9998588570829012, 0.20505519, 0.27118978, -1.201193915187963
149.0, 101.0, 0.21799974, 0.40996814, 0.1919684, 0.3038912, 0.30057037, 0.055379376, 0.9998588570829012, 0.20505519, 0.27118978, -1.201193915187963
149.0, 101.0, 0.26415968, 0.36981034, 0.10565066, 0.3102113, 0.3062906, 0.03259192, 0.9997997880586038, 0.2607787, 0.35452312, -1.3487836606305743
127.0, 83.0, 0.19697572, 0.5065658, 0.3095901, 0.30886322, 0.27274835, 0.09891155, 0.9998141464712558, 0.7204245, 0.2219127, -0.9401650884013617
127.0, 83.0, 0.13460009, 0.5392956, 0.4046955, 0.30645368, 0.2861454, 0.102193825, 0.9998847712333098, 0.43998542, 0.24263826, -0.4553455028200766
127.0, 83.0, 0.24131182, 0.41335052, 0.1720387, 0.30231375, 0.28248107, 0.050096534, 0.9995981134885876, 0.7569957, 0.25640002, -0.8500861067735981
149.0, 78.0, 0.10883404, 0.6355949, 0.5267609, 0.34210306, 0.30973935, 0.17171288, 0.9998872508175807, 0.22542696, 0.11457089, -1.4588029019051527
149.0, 78.0, 0.16504176, 0.623657, 0.45861524, 0.33921173, 0.26213688, 0.15407513, 0.9998768634454323, 0.5056703, 0.17820667, -1.3854960401335241
149.0, 78.0, 0.19873323, 0.4528452, 0.25411195, 0.30908832, 0.2854987, 0.07904575, 0.9998501093967981, 0.43190387, 0.26061147, -1.2440654179825013
149.0, 92.0, 0.091789335, 0.6518437, 0.5600544, 0.3204656, 0.28791946, 0.1689385, 0.9999029887428975, 0.40807727, 0.10764026, -1.1822520871533002
149.0, 92.0, 0.12259582, 0.62229735, 0.49970153, 0.29324865, 0.25162488, 0.13291426, 0.9998843706260756, 0.68627375, 0.15141264, -0.8676065690288994
149.0, 92.0, 0.22433347, 0.43948132, 0.21514785, 0.30626842, 0.27871734, 0.07185084, 0.9998625928105013, 0.652953, 0.235575, -1.094446352527662
178.0, 86.0, 0.24031699, 0.36215013, 0.121833146, 0.29628164, 0.29649156, 0.036120877, 0.9997031522658446, 0.115471296, 0.29649156, -1.3052381653311167
178.0, 86.0, 0.25009945, 0.453641, 0.20354155, 0.3376462, 0.32540786, 0.06685617, 0.9998848267764167, 0.35221404, 0.29181588, -1.3363675952651246
178.0, 86.0, 0.19482026, 0.40330285, 0.2084826, 0.2979906, 0.27599812, 0.057061397, 0.999863278385421, 0.41729513, 0.26018038, -1.210631654661747
174.0, 104.0, 0.21730332, 0.452812, 0.23550867, 0.32203367, 0.30861187, 0.069409825, 0.9997062279555617, 0.31513047, 0.27924788, -1.2891542397050682
174.0, 104.0, 0.21753548, 0.42707917, 0.20954369, 0.315622, 0.3041683, 0.06342952, 0.9996664475959693, 0.2217215, 0.27845204, -1.3063340861436377
174.0, 104.0, 0.25679797, 0.37866428, 0.121866316, 0.31170636, 0.30690408, 0.034492817, 0.999564626150072, 0.2511167, 0.26551926, -1.272735753784864
126.0, 81.0, 0.18394347, 0.43228543, 0.24834196, 0.29824913, 0.29743665, 0.07317275, 0.9998557248633269, 0.14787108, 0.4163019, -1.3148702299093111
126.0, 81.0, 0.25875443, 0.37558028, 0.11682585, 0.31268275, 0.30728543, 0.03368157, 0.99978559042541, 0.3657468, 0.37020823, -1.080843627909857
126.0, 81.0, 0.25069636, 0.3903369, 0.13964054, 0.31798863, 0.31454766, 0.03754335, 0.9998396128238478, 0.21404971, 0.29695582, -0.9305854505596249
111.0, 65.0, 0.16975063, 0.55547816, 0.38572752, 0.31643984, 0.27689347, 0.12317398, 0.9999018141505742, 0.605855, 0.1906088, -1.0608701258299313
111.0, 65.0, 0.21547948, 0.4684971, 0.2530176, 0.312626, 0.29480034, 0.072298214, 0.9998344333083903, 0.65185463, 0.23928902, -0.8602219357378993
111.0, 65.0, 0.2185303, 0.45675817, 0.23822787, 0.30217484, 0.2775567, 0.07378065, 0.9998329518204723, 0.7971195, 0.23696776, -0.7755884850101937
121.0, 73.0, 0.27818677, 0.35977358, 0.08158681, 0.3117717, 0.30862844, 0.024770522, 0.9997896554228308, 0.37121886, 0.28465313, -1.2335983457839534
121.0, 73.0, 0.20576335, 0.3570765, 0.15131314, 0.29760954, 0.2992771, 0.034828294, 0.9999049965123215, -0.8260747, 0.29934338, 0.7280968874255653
121.0, 73.0, 0.28389043, 0.35803822, 0.07414779, 0.30940285, 0.29989055, 0.023174448, 0.9997855856291857, 0.7907645, 0.2902573, -0.8288545994149712
113.0, 60.0, 0.13340625, 0.59520495, 0.4617987, 0.30577326, 0.24822587, 0.14366572, 0.9999226289887965, 0.74099016, 0.18513726, -0.7680568536933228
113.0, 60.0, 0.22821327, 0.45423794, 0.22602467, 0.30384654, 0.27843547, 0.0658384, 0.9998962505493166, 0.94968265, 0.25248706, -0.44088796768786187
113.0, 60.0, 0.23259053, 0.45961, 0.22701946, 0.32433686, 0.30580974, 0.07618095, 0.9999084264293431, 0.487366, 0.24675022, -1.292189897523532
122.0, 77.0, 0.22317283, 0.4391166, 0.21594377, 0.3148973, 0.30081904, 0.06462508, 0.9998061312852413, 0.44222003, 0.2532166, -1.1539258610920204
122.0, 77.0, 0.2498342, 0.41255468, 0.16272049, 0.31556252, 0.30345535, 0.048020147, 0.9998371337148995, 0.59643847, 0.26737627, -0.9531184334245744
122.0, 77.0, 0.113874525, 0.4089402, 0.29506567, 0.2904222, 0.2858635, 0.061063148, 0.9998920270630323, -0.50395757, 0.25291812, 0.9333496204242278
131.0, 74.0, 0.1740947, 0.6059159, 0.4318212, 0.32786155, 0.2773909, 0.1385845, 0.9999153153875336, 0.7865657, 0.20500064, -0.7955705790335039
131.0, 74.0, 0.15635362, 0.56346995, 0.40711632, 0.29754692, 0.2319107, 0.1402322, 0.999916549319168, 0.747818, 0.17120968, -1.0269531985042382
131.0, 74.0, 0.24476056, 0.48113143, 0.23637088, 0.31543133, 0.27845204, 0.076917976, 0.9999204000416654, 0.936618, 0.25341555, -0.6578921993529336
169.0, 90.0, 0.21130121, 0.45970947, 0.24840826, 0.31072327, 0.28815156, 0.07621557, 0.9998333314750572, 0.6163629, 0.2292081, -1.0186792523870813
169.0, 90.0, 0.2631317, 0.38198036, 0.11884865, 0.31041586, 0.29609364, 0.038436543, 0.9998061560519819, 0.5481065, 0.29705527, -1.25282536304107
169.0, 90.0, 0.25063002, 0.38314098, 0.13251096, 0.29912406, 0.28307796, 0.040040653, 0.999821829720279, 0.7640306, 0.2645908, -0.9281749557787022
119.0, 62.0, 0.15910596, 0.5091524, 0.35004646, 0.31628376, 0.26871932, 0.09816162, 0.9998729605039919, 0.46797076, 0.26283324, -1.1654143645172739
119.0, 62.0, 0.26654726, 0.43334657, 0.1667993, 0.32742268, 0.3052129, 0.049730618, 0.9998487260273964, 0.80164623, 0.30143255, -0.7800972814120728
119.0, 62.0, 0.24545693, 0.39096692, 0.14550999, 0.2996642, 0.28146964, 0.04407894, 0.9998378925317146, 0.80634016, 0.28027588, -0.7998006100466868
124.0, 75.0, 0.20752086, 0.4231662, 0.21564533, 0.30854815, 0.3070699, 0.052195255, 0.9995396349389389, 0.26396173, 0.31854355, -0.7363271540593859
124.0, 75.0, 0.22529513, 0.37816685, 0.15287173, 0.2895436, 0.28481895, 0.04322932, 0.9997594772559657, 0.3212931, 0.24127866, -1.1327782874576875
124.0, 75.0, 0.19438915, 0.38838044, 0.19399129, 0.29723117, 0.30252683, 0.05208315, 0.9997918423275233, -0.09817159, 0.25384665, -1.0941187668061918
119.0, 61.0, 0.09709508, 0.5714286, 0.47433352, 0.3337171, 0.3066388, 0.12765203, 0.9998860740811281, 0.3201203, 0.22857803, -0.8861007768601472
119.0, 61.0, 0.11112215, 0.55876106, 0.4476389, 0.2979368, 0.28098884, 0.12892944, 0.9998992716544487, 0.35768726, 0.32169384, -1.1526211784136025
119.0, 61.0, 0.22241011, 0.44714153, 0.22473142, 0.3154602, 0.29562938, 0.07503664, 0.9998959805206991, 0.4572802, 0.31204402, -1.26676312719803
122.0, 69.0, 0.2352434, 0.39580843, 0.16056503, 0.30455357, 0.29793406, 0.050566018, 0.9998601795788039, 0.37974417, 0.24522482, -1.1502044446394637
122.0, 69.0, 0.09324842, 0.46057168, 0.36732325, 0.29105625, 0.27666134, 0.09534221, 0.9999394157996029, 0.06527528, 0.2440642, -0.7868645152282268
122.0, 69.0, 0.23050138, 0.4646836, 0.23418221, 0.3056032, 0.2716872, 0.07550966, 0.9999134224895166, 0.8364535, 0.24071495, -0.7725262843191372
122.0, 62.0, 0.2241345, 0.5907945, 0.36666, 0.39044896, 0.3662455, 0.10201753, 0.9997974153726437, 0.44791198, 0.3649025, -1.0001998784456703
122.0, 62.0, 0.246087, 0.41053185, 0.16444485, 0.30022582, 0.28846663, 0.04345102, 0.9995963500067344, 1.0558826, 0.268139, -0.09600117684558773
122.0, 62.0, 0.25895345, 0.41789362, 0.15894017, 0.3137569, 0.29693925, 0.049004626, 0.9996545587798418, 0.80739707, 0.26939914, -0.8099525080789793
144.0, 70.0, 0.18855284, 0.4941305, 0.30557764, 0.3047527, 0.27646238, 0.091259606, 0.9998205101453224, 0.6480176, 0.25739485, -0.9636820892925408
144.0, 70.0, 0.24893883, 0.41404694, 0.16510811, 0.31590205, 0.30547816, 0.048172332, 0.9997003958914011, 0.5255354, 0.3943494, -1.1032612688056533
144.0, 70.0, 0.23136355, 0.3867555, 0.15539195, 0.30037144, 0.28811842, 0.04905828, 0.9997376628576975, 0.33365503, 0.25245386, -1.384375903494131
136.0, 76.0, 0.21998939, 0.42615065, 0.20616126, 0.31600684, 0.30541182, 0.063183375, 0.9997662808830398, 0.26312608, 0.26936594, -1.3634939844698977
136.0, 76.0, 0.26621565, 0.36649424, 0.100278586, 0.30681196, 0.30058694, 0.024915215, 0.9992669941872787, 0.5685977, 0.28090593, -0.8196789170595107
136.0, 76.0, 0.27437326, 0.37813365, 0.10376039, 0.30870908, 0.29538068, 0.028990507, 0.9994542496606224, 0.89524454, 0.29065526, -0.58357020989946
119.0, 65.0, 0.16746253, 0.5878763, 0.4204138, 0.33255836, 0.28282925, 0.12566599, 0.9998451590926966, 0.7335444, 0.23680195, -0.8872322177437177
119.0, 65.0, 0.13721976, 0.52506965, 0.3878499, 0.27369523, 0.23270658, 0.108466655, 0.999820786747195, 0.8807304, 0.15618782, -0.5195140322853198
119.0, 65.0, 0.21876241, 0.46607634, 0.24731393, 0.31360492, 0.28806868, 0.06771475, 0.9997769166163416, 0.7763069, 0.26472342, -0.6343716791573568
137.0, 74.0, 0.19657776, 0.43974662, 0.24316886, 0.28476655, 0.25868815, 0.07607965, 0.9998828430697987, 0.7192798, 0.2756997, -0.8666499799300729
137.0, 74.0, 0.2052991, 0.4274771, 0.222178, 0.28816777, 0.26694518, 0.06240504, 0.9998209887888035, 0.9027213, 0.24121237, -0.47983721055122075
137.0, 74.0, 0.22008885, 0.46587744, 0.24578859, 0.30369633, 0.27952975, 0.07332462, 0.9998680264356471, 0.70444393, 0.22811382, -0.8521526633641092
138.0, 93.0, 0.235575, 0.41126144, 0.17568643, 0.29774603, 0.27513593, 0.05351043, 0.9997417075823735, 0.8437951, 0.2499005, -0.729463375985806
138.0, 93.0, 0.2773909, 0.3760777, 0.098686814, 0.31175765, 0.2980833, 0.029815128, 0.9996257564094562, 0.8518837, 0.2893288, -0.7136408476800762
138.0, 93.0, 0.27019495, 0.36941233, 0.099217385, 0.310955, 0.3023942, 0.031003235, 0.9996448721678526, 0.5434879, 0.28405622, -1.230799790772204
95.0, 57.0, 0.22711898, 0.3967701, 0.1696511, 0.30348966, 0.29604387, 0.04619571, 0.9997283890617416, 0.3218442, 0.32600474, -1.0886283074169092
95.0, 57.0, 0.25460935, 0.36997613, 0.11536679, 0.3034632, 0.29995686, 0.031567056, 0.9997575915772812, 0.3739155, 0.26939914, -1.1071753260163373
95.0, 57.0, 0.2551731, 0.39882612, 0.14365304, 0.31217492, 0.30700356, 0.041735083, 0.9998293045167284, 0.45877352, 0.2596498, -1.0282428373902017
142.0, 65.0, 0.20533225, 0.48849314, 0.2831609, 0.34023264, 0.33011672, 0.07513203, 0.999844615421036, 0.21352014, 0.29410398, -0.8847675459393396
142.0, 65.0, 0.1928306, 0.47622362, 0.28339303, 0.30840954, 0.2841557, 0.07095307, 0.9998241085815734, 0.686223, 0.25852233, -0.4948014005070478
142.0, 65.0, 0.24174292, 0.394681, 0.15293808, 0.304493, 0.29415372, 0.04346148, 0.9997830681406592, 0.5821159, 0.28979307, -0.9223132207224327
128.0, 79.0, 0.19956225, 0.46269396, 0.2631317, 0.31758615, 0.30950722, 0.077823736, 0.9997841358756471, 0.27996343, 0.3307136, -1.2372087675912746
128.0, 79.0, 0.16414644, 0.45118713, 0.2870407, 0.31006086, 0.31275696, 0.08468738, 0.9998200292883604, 0.050911926, 0.20311049, -1.3644895817931062
128.0, 79.0, 0.2427046, 0.4056572, 0.1629526, 0.3162968, 0.309043, 0.053148404, 0.999814166536411, 0.22860238, 0.25165805, -1.4401153594664997
138.0, 69.0, 0.21087015, 0.4281071, 0.21723697, 0.30639422, 0.28355882, 0.06629882, 0.9997210666830026, 0.4462289, 0.25974926, -1.2670788951623657
138.0, 69.0, 0.21186496, 0.44810316, 0.2362382, 0.3079909, 0.284222, 0.07007447, 0.9997539895315923, 0.59917635, 0.2332869, -1.0581089092736555
138.0, 69.0, 0.25135958, 0.39501262, 0.14365304, 0.31625697, 0.30153203, 0.04433003, 0.9997361752406854, 0.37806326, 0.3839037, -1.3445379755424465
131.0, 72.0, 0.22506298, 0.45503384, 0.22997086, 0.3088305, 0.28617853, 0.06673581, 0.9996876422112164, 0.7840217, 0.2721183, -0.7053004859034582
131.0, 72.0, 0.20941105, 0.47761637, 0.2682053, 0.30541486, 0.27004576, 0.080593385, 0.9997731706272134, 0.7724924, 0.23096564, -0.8574155714915701
131.0, 72.0, 0.23577397, 0.42664808, 0.19087411, 0.30868128, 0.29015785, 0.05407072, 0.9997494262498132, 0.7798551, 0.2612747, -0.6764983861049809
126.0, 65.0, 0.23849314, 0.42857143, 0.19007829, 0.31189167, 0.2934905, 0.055225577, 0.9997356757871328, 0.6136757, 0.266282, -1.0640639788727824
126.0, 65.0, 0.27371004, 0.3525003, 0.07879025, 0.30331904, 0.29793406, 0.019913904, 0.9992309816966034, 0.7393049, 0.29410398, -0.5025069217463147
126.0, 65.0, 0.2849184, 0.37017506, 0.085256666, 0.33018467, 0.32704931, 0.02263513, 0.9995033552630482, 0.10208189, 0.33240482, -1.1720045186253263
137.0, 80.0, 0.2948335, 0.41686562, 0.122032106, 0.34987578, 0.34823915, 0.032916937, 0.9993075657849072, 0.2742983, 0.35296458, -1.1555642034742653
137.0, 80.0, 0.26794004, 0.37126938, 0.10332933, 0.3144162, 0.30915904, 0.030553779, 0.9993258412140508, 0.418403, 0.3201353, -1.251158148175908
137.0, 80.0, 0.31506166, 1.0, 0.6849383, 0.7139031, 0.75731194, 0.28443137, 0.999996705791983, -0.17475307, 1.0, -1.7511943501353526
117.0, 68.0, 0.26893488, 0.38927576, 0.120340884, 0.30791983, 0.29291016, 0.0346977, 0.999718069522971, 0.9301634, 0.2817018, -0.5148295569412245
117.0, 68.0, 0.24310252, 0.40270594, 0.15960342, 0.30524898, 0.29395476, 0.03564842, 0.999708390899671, 1.0307758, 0.29632574, 0.3235888001807914
117.0, 68.0, 0.19389173, 0.3840695, 0.19017777, 0.29861188, 0.2826303, 0.04326374, 0.9998216939353881, 0.26917356, 0.27367684, -0.155821593827552
98.0, 59.0, 0.23315425, 0.4354025, 0.20224826, 0.32255498, 0.30910927, 0.060297, 0.9997417657327475, 0.4249919, 0.27948, -1.1697295387535311
98.0, 59.0, 0.21110225, 0.4161692, 0.20506695, 0.3049241, 0.3000232, 0.052239027, 0.9997222601165849, 0.04329145, 0.36659366, -1.336564859337293
98.0, 59.0, 0.23948798, 0.371601, 0.13211301, 0.2998035, 0.2954636, 0.033898152, 0.9994431962208747, 0.23281673, 0.25590262, -1.0687750815692132
114.0, 71.0, 0.23746516, 0.42893615, 0.191471, 0.335093, 0.33363175, 0.048872884, 0.9996794003893893, -0.03796605, 0.39295658, -0.76964668089607
114.0, 71.0, 0.26352963, 0.350378, 0.08684838, 0.3028375, 0.3013496, 0.02189103, 0.999356988663183, 0.22865391, 0.3020626, -0.6657682595293584
114.0, 71.0, 0.2644913, 0.34799045, 0.08349916, 0.30951816, 0.311215, 0.022810312, 0.9994155338133522, -0.2013441, 0.31214347, -1.013703265458465
114.0, 65.0, 0.2551731, 0.39882612, 0.14365304, 0.31217492, 0.30700356, 0.041735083, 0.9998293045167284, 0.45877352, 0.2596498, -1.0282428373902017
114.0, 65.0, 0.2533161, 0.39670378, 0.14338768, 0.3132701, 0.29776827, 0.048837345, 0.9998440291604711, 0.4242008, 0.38532957, -1.3976806577435452
114.0, 65.0, 0.24303621, 0.38775033, 0.14471412, 0.30612126, 0.29463458, 0.047566075, 0.9998287759164725, 0.3987381, 0.26047882, -1.373626725254083
126.0, 63.0, 0.13571647, 0.5498076, 0.41409114, 0.2919857, 0.24699892, 0.13049375, 0.9999144002828448, 0.65766174, 0.13615863, -0.9827122661995835
126.0, 63.0, 0.23060088, 0.4542048, 0.22360392, 0.3100347, 0.2831443, 0.073930696, 0.99991337737503, 0.77989125, 0.45214877, -0.8409958109031934
126.0, 63.0, 0.22721843, 0.42906883, 0.2018504, 0.29803026, 0.27082503, 0.06620905, 0.9999032658871935, 0.74763787, 0.23494494, -0.9112208744773054
132.0, 62.0, 0.13758457, 0.63728607, 0.4997015, 0.33981532, 0.28249764, 0.16004418, 0.9998995268308026, 0.52980685, 0.17840561, -1.200000825107358
132.0, 62.0, 0.22522879, 0.46591055, 0.24068177, 0.31405708, 0.28057432, 0.07853496, 0.9998838894528551, 0.74539965, 0.25019896, -1.0163453992775424
132.0, 62.0, 0.22844541, 0.48620507, 0.25775966, 0.313476, 0.27777225, 0.083013475, 0.9998907760368799, 0.8591968, 0.2385263, -0.7911909576472871
143.0, 82.0, 0.26923332, 0.36244854, 0.09321523, 0.3056149, 0.29324177, 0.02712366, 0.9996258703541366, 0.74085855, 0.28130385, -0.9104489153968403
143.0, 82.0, 0.2733121, 0.4010479, 0.1277358, 0.32899997, 0.32519227, 0.03317524, 0.9997310403016711, 0.20515275, 0.3017973, -1.1351467207569286
143.0, 82.0, 0.25271916, 0.4014126, 0.14869344, 0.31364015, 0.29572883, 0.047594935, 0.9998906593773429, 0.4256472, 0.25829023, -1.3682699618995378
145.0, 82.0, 0.24694917, 0.40277222, 0.15582305, 0.30736354, 0.29786772, 0.044543874, 0.999623906750344, 0.47268125, 0.26618248, -1.2223439603908586
145.0, 82.0, 0.27778882, 0.35853562, 0.0807468, 0.307599, 0.30095172, 0.023551833, 0.9993733281795875, 0.63489246, 0.28651014, -1.0066895707681425
145.0, 82.0, 0.27321264, 0.36307865, 0.08986601, 0.30770874, 0.30095172, 0.02392137, 0.999379292546632, 0.65232843, 0.29058892, -0.8302390785071281
124.0, 70.0, 0.0, 0.5044104, 0.5044104, 0.25969094, 0.2415771, 0.1231197, 0.9998554348392849, 0.083905585, 0.25845602, -0.5796633094683332
124.0, 70.0, 0.19273111, 0.46199763, 0.26926652, 0.30915982, 0.29191536, 0.07324505, 0.9997606169636856, 0.5029388, 0.29566252, -1.0642948605206877
124.0, 70.0, 0.22111683, 0.4578193, 0.23670249, 0.30705264, 0.28578058, 0.070832275, 0.9997509895862708, 0.6289463, 0.23945482, -1.0558177953992924
102.0, 57.0, 0.18228543, 0.54516506, 0.36287963, 0.32862765, 0.2893288, 0.11034971, 0.9998828113821365, 0.58580226, 0.2992771, -1.0238621143693643
102.0, 57.0, 0.23444754, 0.42333198, 0.18888444, 0.31115478, 0.29707187, 0.054080434, 0.9998365325768278, 0.5065046, 0.24011804, -1.0139822767832678
102.0, 57.0, 0.23806208, 0.42495683, 0.18689474, 0.30198777, 0.28999203, 0.05300942, 0.9998491229040208, 0.9706069, 0.29868016, -0.2425801151289586
122.0, 70.0, 0.250829, 0.47144848, 0.22061947, 0.3386965, 0.32371664, 0.055569075, 0.9995245088463806, 0.47367787, 0.31864306, -0.8178334117254562
122.0, 70.0, 0.23444754, 0.41192466, 0.17747712, 0.3153701, 0.31118184, 0.050512284, 0.9995412270864272, 0.15143743, 0.26018038, -1.2155881137680051
122.0, 70.0, 0.2642592, 0.37282792, 0.10856873, 0.30908546, 0.30498075, 0.030040909, 0.9994402461769792, 0.4375864, 0.31174558, -1.0012558803585718
127.0, 65.0, 0.1478976, 0.67034745, 0.52244985, 0.3660062, 0.31433213, 0.16601387, 0.9999155636647847, 0.48938367, 0.26081043, -1.169472962243383
127.0, 65.0, 0.11049209, 0.60999465, 0.49950257, 0.31248254, 0.25999802, 0.1595809, 0.9999211167682738, 0.5997676, 0.1613609, -1.0826533349974325
127.0, 65.0, 0.19899853, 0.5090529, 0.31005436, 0.32030886, 0.28231525, 0.10225977, 0.99992670074972, 0.54263675, 0.20931156, -1.189356050117873
161.0, 89.0, 0.21707122, 0.4125215, 0.19545029, 0.29039863, 0.27632973, 0.050530955, 0.9996020681230448, 0.73472446, 0.35982886, -0.5710653903144998
161.0, 89.0, 0.05862844, 0.39696908, 0.33834064, 0.25478005, 0.2475295, 0.08462183, 0.9998372040414506, -0.31229213, 0.21670645, -0.4847077581794803
161.0, 89.0, 0.23839368, 0.4580846, 0.21969093, 0.3259544, 0.30700356, 0.07173796, 0.999809423881688, 0.4367544, 0.25450987, -1.349771354895734
125.0, 75.0, 0.24718133, 0.4169982, 0.16981688, 0.30745378, 0.2937392, 0.04957356, 0.9998520169987197, 0.8624501, 0.267111, -0.47350195618023827
125.0, 75.0, 0.14706858, 0.44200158, 0.29493302, 0.28862378, 0.2906055, 0.07301593, 0.9999065479761983, 0.140672, 0.29085422, -0.685311039504588
125.0, 75.0, 0.20695715, 0.4134832, 0.20652606, 0.29069743, 0.27140534, 0.05897018, 0.999881382031512, 0.64398384, 0.29334128, -0.7793340072130315
115.0, 64.0, 0.2566985, 0.47380286, 0.21710438, 0.32536158, 0.30852896, 0.049377378, 0.9996209197307173, 1.057394, 0.28146964, 0.4930854788387009
115.0, 64.0, 0.24920413, 0.40738156, 0.15817744, 0.30374226, 0.28659302, 0.04002343, 0.9994530481932429, 1.0441432, 0.28342617, -0.2308543929561231
115.0, 64.0, 0.253714, 0.40273905, 0.14902505, 0.3090247, 0.29262835, 0.038996994, 0.9994522561628397, 1.1258333, 0.29224694, -0.09177832763192129
129.0, 81.0, 0.25434408, 0.36191803, 0.107573956, 0.30425304, 0.29776827, 0.026668308, 0.9985765530839239, 0.35026726, 0.27961266, -1.021710248002881
129.0, 81.0, 0.26929963, 0.36967763, 0.10037801, 0.31256592, 0.30879426, 0.026564507, 0.9986928806617894, 0.45599064, 0.28856608, -1.004677536631201
129.0, 81.0, 0.09938319, 0.38154927, 0.28216606, 0.28600532, 0.2984978, 0.0609516, 0.9997039088178589, -1.2515062, 0.30972275, 1.152536218974464
161.0, 89.0, 0.21063799, 0.49545693, 0.28481895, 0.31797734, 0.29717135, 0.08344243, 0.999788657540445, 0.6138306, 0.2185303, -0.882561081456958
161.0, 89.0, 0.24698232, 0.41520756, 0.16822524, 0.3166678, 0.30761704, 0.048256293, 0.9997594811639375, 0.50777906, 0.26558563, -0.9573597514452827
161.0, 89.0, 0.25291812, 0.42439312, 0.171475, 0.32033825, 0.3063901, 0.049672805, 0.9997781676753832, 0.67592937, 0.25683114, -0.794123215178764
173.0, 90.0, 0.19170313, 0.45463583, 0.26293272, 0.28622368, 0.25089532, 0.07791598, 0.9997856813531902, 0.82379943, 0.23229207, -0.7293737505393341
173.0, 90.0, 0.2766945, 0.35969627, 0.08300176, 0.30831382, 0.29702213, 0.024529668, 0.9994467187013425, 0.69730216, 0.2866096, -1.0084783883939212
173.0, 90.0, 0.2742406, 0.35565057, 0.08140996, 0.30812582, 0.30086878, 0.025429402, 0.9995582681210992, 0.4391619, 0.28382412, -1.3504597053355574
182.0, 102.0, 0.20805147, 0.45609498, 0.2480435, 0.3169083, 0.30526263, 0.0818253, 0.9999137747652241, 0.2553349, 0.21846396, -1.4612252995128845
182.0, 102.0, 0.20944421, 0.4384865, 0.22904228, 0.30109996, 0.28588006, 0.07151589, 0.9998998190542221, 0.44845876, 0.22970551, -1.1513467722082515
182.0, 102.0, 0.2090131, 0.4453177, 0.23630458, 0.31714037, 0.30849582, 0.07769522, 0.9999124695147462, 0.21966843, 0.2276827, -1.3831085037275583
110.0, 64.0, 0.23152936, 0.41772783, 0.18619847, 0.30639905, 0.28805214, 0.059655156, 0.999856110282339, 0.5683268, 0.24413049, -1.127266869783606
110.0, 64.0, 0.267111, 0.37717202, 0.11006102, 0.30106035, 0.2876376, 0.032255787, 0.9998543860373977, 1.0909241, 0.27463853, -0.1819783595817177
110.0, 64.0, 0.27142194, 0.38592649, 0.114504546, 0.3047052, 0.2892956, 0.03484661, 0.9998472128458048, 1.184402, 0.2774572, -0.0007492819617724855
139.0, 85.0, 0.21116856, 0.41401374, 0.20284519, 0.28653777, 0.26197106, 0.06660708, 0.9998921990603019, 0.6737516, 0.22443292, -1.0736841002973072
139.0, 85.0, 0.26817214, 0.38416892, 0.11599678, 0.3165911, 0.30541185, 0.038988035, 0.9998693267934237, 0.43709692, 0.27861783, -1.3761261653019161
139.0, 85.0, 0.26177213, 0.38227877, 0.120506644, 0.31124425, 0.29803354, 0.03827109, 0.9998637452307868, 0.5400173, 0.27341157, -1.1843592792563409
153.0, 72.0, 0.25769332, 0.4158376, 0.15814427, 0.3166077, 0.2996087, 0.05008221, 0.9998735711867597, 0.65857476, 0.27029446, -1.0645669992003932
153.0, 72.0, 0.25858864, 0.4156387, 0.15705004, 0.31335708, 0.29370606, 0.049705647, 0.9998617157371732, 0.7788491, 0.28067383, -0.8873752724420227
153.0, 72.0, 0.25457618, 0.4050603, 0.15048411, 0.30389738, 0.2861951, 0.046604447, 0.999855824189075, 0.7878635, 0.25998142, -0.8905009666323065
150.0, 96.0, 0.24167658, 0.38665602, 0.14497943, 0.3054381, 0.30040455, 0.037722606, 0.9995043921878393, 0.40729704, 0.28253084, -0.9363739849001136
150.0, 96.0, 0.22602466, 0.38977316, 0.1637485, 0.30656973, 0.29999003, 0.040867914, 0.9995632565453574, 0.31558546, 0.31320465, -0.803755214543898
150.0, 96.0, 0.24883936, 0.3941172, 0.14527784, 0.31130853, 0.3033061, 0.040282097, 0.9995589837412895, 0.54071915, 0.38901046, -0.8512046599919452
160.0, 93.0, 0.27911523, 0.34238622, 0.063270986, 0.3066866, 0.3008522, 0.01785924, 0.9994309433997022, 0.5749107, 0.29403764, -1.0419072747202642
160.0, 93.0, 0.28007692, 0.34238622, 0.062309295, 0.30579773, 0.30270922, 0.017102104, 0.9992676944927599, 0.4214715, 0.28422204, -1.0977322585968312
160.0, 93.0, 0.28581378, 0.33734578, 0.051532, 0.30761772, 0.30420148, 0.015060749, 0.9992172284000849, 0.46282914, 0.29201484, -1.2204779269308081
100.0, 71.0, 0.27994427, 0.8994893, 0.619545, 0.50509906, 0.48917297, 0.17866649, 0.9998381769563671, 0.5751238, 0.33044827, -0.9093660839788353
100.0, 71.0, 0.27994427, 0.8994893, 0.619545, 0.50509906, 0.48917297, 0.17866649, 0.9998381769563671, 0.5751238, 0.33044827, -0.9093660839788353
100.0, 71.0, 0.26495555, 0.82481086, 0.55985534, 0.470748, 0.46209708, 0.16329299, 0.9998165088089604, 0.59264517, 0.5053389, -0.8445472815514479
90.0, 59.0, 0.27725825, 0.8853959, 0.6081376, 0.45345715, 0.42140862, 0.16770108, 0.9998552761458133, 1.0870008, 0.31864306, 0.14996359250264213
90.0, 59.0, 0.25305077, 0.89060223, 0.6375514, 0.4674569, 0.4202149, 0.18102175, 0.9998537740628005, 0.72827345, 0.26031303, -0.6653630118686285
90.0, 59.0, 0.2387916, 0.8994229, 0.6606313, 0.48110807, 0.4434772, 0.17614324, 0.9998546814279576, 0.6642472, 0.449098, -0.6899387667736301
102.0, 55.0, 0.26866955, 0.8009682, 0.5322987, 0.48945707, 0.4661427, 0.1599965, 0.9998359511709496, 0.47665295, 0.30196312, -1.010651716077121
102.0, 55.0, 0.29035679, 0.8305478, 0.54019105, 0.5234687, 0.49328488, 0.16193284, 0.9998396475629139, 0.3465822, 0.4132511, -1.2067155239510012
102.0, 55.0, 0.29632574, 0.8484215, 0.5520958, 0.51421285, 0.5013596, 0.1498766, 0.9998441483019036, 0.4359043, 0.49161023, -0.8477404522390901
106.0, 63.0, 0.34036344, 0.805644, 0.46528053, 0.5628662, 0.58610225, 0.1299679, 0.9999090374038738, 0.021698454, 0.4467436, -1.0578064376941876
106.0, 63.0, 0.3309126, 0.64312243, 0.31220984, 0.476403, 0.48645374, 0.08990597, 0.9998754536180007, 0.050318602, 0.37813365, -1.2182366428347893
106.0, 63.0, 0.38463324, 0.746717, 0.36208373, 0.52293247, 0.48855948, 0.11019172, 0.9999090427491936, 0.5543426, 0.41849047, -1.040877072992425
96.0, 67.0, 0.20871468, 0.8962726, 0.68755794, 0.50581056, 0.45539856, 0.22143167, 0.9998765687133566, 0.42442048, 0.26671305, -1.2725110795448145
96.0, 67.0, 0.23093249, 0.8855949, 0.65466243, 0.5122887, 0.4836848, 0.20921205, 0.9998716006626375, 0.30658254, 0.27463853, -1.3650346292210174
96.0, 67.0, 0.18344606, 0.8218596, 0.63841355, 0.44979882, 0.40794533, 0.1910612, 0.9998467074752444, 0.48988992, 0.26190472, -1.073514644561119
100.0, 63.0, 0.24631912, 0.7858468, 0.5395277, 0.46899036, 0.45524934, 0.15210947, 0.9997951459089203, 0.40144512, 0.4828558, -0.9206487369264238
100.0, 63.0, 0.31545958, 0.88207984, 0.56662023, 0.52751386, 0.51051193, 0.16298811, 0.9998069423985884, 0.6558837, 0.5242737, -0.6443116191425462
100.0, 63.0, 0.30872795, 0.888281, 0.579553, 0.5235304, 0.5030342, 0.16696864, 0.999774646656612, 0.68173784, 0.34848785, -0.5886257110132807
116.0, 56.0, 0.11994294, 0.3984281, 0.27848518, 0.29209957, 0.292048, 0.060453523, 0.9998994943337502, -0.77873665, 0.29758587, 0.8548505771610397
116.0, 56.0, 0.2577928, 0.38453373, 0.12674093, 0.30473256, 0.29698896, 0.03464756, 0.9998174754492681, 0.82713526, 0.29738688, -0.3575031609517785
116.0, 56.0, 0.24847457, 0.39958876, 0.1511142, 0.31182802, 0.29615995, 0.04553599, 0.9998393645886151, 0.54557675, 0.26412654, -1.0807998206272453
102.0, 66.0, 0.28123754, 0.9585489, 0.67731136, 0.50834596, 0.4421342, 0.18707755, 0.9998616102795125, 0.786009, 0.3496485, -0.574928152562054
102.0, 66.0, 0.25255337, 0.955299, 0.7027457, 0.5087386, 0.48142987, 0.20655513, 0.9998658796080812, 0.5737409, 0.29576203, -0.9231033058583575
102.0, 66.0, 0.24250561, 0.92900246, 0.68649685, 0.51160926, 0.5050452, 0.19742978, 0.9998610407732474, 0.4910143, 0.30047086, -0.9499787142072122
108.0, 65.0, 0.3613543, 0.7831609, 0.42180663, 0.5019936, 0.47400182, 0.11900993, 0.9998630598874784, 0.80312645, 0.3875514, -0.42384129779890234
108.0, 65.0, 0.33669916, 0.75000006, 0.4133009, 0.50733393, 0.51094306, 0.12001104, 0.9998590256537901, 0.40441468, 0.3760114, -0.9603187510686442
108.0, 65.0, 0.35044432, 0.7948003, 0.44435596, 0.5145639, 0.50837314, 0.11460286, 0.9998500623130092, 0.6513157, 0.3640403, -0.45753363228479227
84.0, 56.0, 0.3180793, 0.8776031, 0.5595238, 0.5260343, 0.4987067, 0.16420363, 0.9998503280639482, 0.6006397, 0.37561348, -0.8927210124929639
84.0, 56.0, 0.28385726, 0.92956626, 0.64570904, 0.52993065, 0.45292807, 0.2139276, 0.9998816168326253, 0.5630242, 0.33081308, -1.2028482917205894
84.0, 56.0, 0.28465313, 0.8584692, 0.57381606, 0.5070821, 0.46058825, 0.16113095, 0.9998515101945523, 0.66562337, 0.3576734, -0.7466895727772167
104.0, 70.0, 0.37040716, 0.7783526, 0.40794545, 0.5141318, 0.46783388, 0.12120627, 0.9998886459823977, 0.5994939, 0.3797586, -0.9913552094677116
104.0, 70.0, 0.33727947, 0.7739421, 0.43666264, 0.50489193, 0.46337378, 0.12188439, 0.999881393321826, 0.5805917, 0.3866892, -0.9786854911587306
104.0, 70.0, 0.36178532, 0.7621038, 0.40031847, 0.51138484, 0.45645973, 0.11984277, 0.9998929411036457, 0.631602, 0.40476188, -1.0293306442240076
109.0, 68.0, 0.2540456, 0.9481364, 0.6940908, 0.53678036, 0.49520823, 0.1953817, 0.9998372576924828, 0.6859413, 0.9156387, -0.6791842236126824
109.0, 68.0, 0.35289827, 0.88207984, 0.5291816, 0.5315136, 0.48794603, 0.14387392, 0.9997646566856969, 1.1645985, 0.50955033, 0.15580156510227017
109.0, 68.0, 0.28428835, 0.92034745, 0.6360591, 0.5103169, 0.45418823, 0.16624205, 0.9997682076015071, 1.098299, 0.3684839, 0.05946682571503992
111.0, 70.0, 0.37989122, 0.78322715, 0.40333593, 0.51675665, 0.50616795, 0.112403564, 0.9997651511005933, 0.79365534, 0.5089203, -0.386514350291022
111.0, 70.0, 0.39176282, 0.7713888, 0.379626, 0.5247468, 0.5025368, 0.10310278, 0.9997254501054458, 0.9670135, 0.5238095, -0.039844058549529215
111.0, 70.0, 0.3946146, 0.7888977, 0.3942831, 0.52327806, 0.5058197, 0.11224437, 0.999773703455754, 0.91826695, 0.5048746, -0.2017622651917388
93.0, 57.0, 0.21776758, 0.9253548, 0.7075872, 0.4875883, 0.44788766, 0.2046585, 0.9998245713539853, 0.60857356, 0.25948402, -0.8596004268183122
93.0, 57.0, 0.2034421, 0.8715347, 0.6680926, 0.44064644, 0.39856082, 0.20148961, 0.9998266909244599, 0.71039766, 0.42548743, -0.8169513444216179
93.0, 57.0, 0.27722508, 0.9295331, 0.65230805, 0.5141928, 0.47932416, 0.18647812, 0.9998020611066948, 0.63335776, 0.48461333, -0.8237993803046662
120.0, 69.0, 0.42439312, 0.8122761, 0.387883, 0.56095845, 0.53702414, 0.10596148, 0.9997994657183401, 0.85961235, 0.5395609, -0.34352109110101736
120.0, 69.0, 0.41092983, 0.7776894, 0.36675957, 0.53703773, 0.51694524, 0.09704271, 0.9998096844194331, 0.95242494, 0.53326035, -0.06587406512986815
120.0, 69.0, 0.4196511, 0.7439979, 0.32434678, 0.52303755, 0.5043274, 0.085579276, 0.99981634932304, 1.0685973, 0.503913, 0.18216964174924977
106.0, 69.0, 0.41557238, 0.69697565, 0.28140327, 0.5070923, 0.4827066, 0.0808715, 0.9998669507233234, 0.76488554, 0.43288234, -0.6192500911537482
106.0, 69.0, 0.38446742, 0.70068973, 0.3162223, 0.519741, 0.5072456, 0.08596133, 0.9998741064328462, 0.46664882, 0.53352565, -0.9006292871003496
106.0, 69.0, 0.41749564, 0.716607, 0.29911134, 0.5083694, 0.481148, 0.0856778, 0.9998922518968208, 0.9473125, 0.4273776, -0.22923636488206034
108.0, 68.0, 0.40502718, 0.7025468, 0.2975196, 0.5068148, 0.49636886, 0.081922084, 0.9997926060545791, 0.8069394, 0.42041382, -0.46460900316231424
108.0, 68.0, 0.3866892, 0.73690146, 0.35021228, 0.50095797, 0.45566386, 0.09737068, 0.9998237919962908, 0.931414, 0.42260247, -0.3958711076563448
108.0, 68.0, 0.3755471, 0.7027126, 0.32716548, 0.51432437, 0.5079918, 0.097756, 0.9998327777839807, 0.49902478, 0.42475793, -1.030368825366155
103.0, 65.0, 0.18424192, 0.4201485, 0.23590657, 0.2878396, 0.26812243, 0.058120955, 0.9997162353869449, 0.6696849, 0.26419285, -0.6622264136786535
103.0, 65.0, 0.2697639, 0.38523015, 0.11546627, 0.31065977, 0.29927707, 0.035676938, 0.9997943705071454, 0.7692372, 0.27530172, -0.8147735222733221
103.0, 65.0, 0.26979703, 0.37408805, 0.10429102, 0.30657163, 0.29299307, 0.034040157, 0.9997955365484665, 0.7439923, 0.27503648, -0.9293127445687603
141.0, 72.0, 0.26306537, 0.38595968, 0.12289432, 0.32163122, 0.31507826, 0.0325051, 0.9992830982882214, 0.22448575, 0.27298048, -1.1903585545009088
141.0, 72.0, 0.28309456, 0.34563598, 0.062541425, 0.31324068, 0.31295592, 0.016064545, 0.9991073269833106, 0.07829738, 0.2980833, -1.1382313233383465
141.0, 72.0, 0.27981162, 0.34935, 0.069538385, 0.31294388, 0.31086683, 0.017616317, 0.9992973739186884, 0.19936599, 0.30866158, -1.1506573301002643
160.0, 77.0, 0.22642258, 0.46335718, 0.2369346, 0.32086745, 0.30015582, 0.06976814, 0.9997044492813746, 0.60842305, 0.27241677, -0.9850548128348979
160.0, 77.0, 0.25072953, 0.4286709, 0.17794138, 0.32013434, 0.30605847, 0.054488644, 0.9997998463420898, 0.6241975, 0.2764292, -0.9732662826848322
160.0, 77.0, 0.2445616, 0.43301496, 0.18845336, 0.31156033, 0.28999203, 0.060544275, 0.9998170023683763, 0.7315342, 0.28999203, -0.9153756519674201
133.0, 76.0, 0.25338238, 0.40389967, 0.15051728, 0.3147534, 0.30862844, 0.042438157, 0.9995866411115026, 0.41864428, 0.31473005, -1.1598309702932186
133.0, 76.0, 0.25112745, 0.3906022, 0.13947475, 0.30672568, 0.2953475, 0.040792536, 0.9995610990199132, 0.6403212, 0.26992968, -0.9894282072987814
133.0, 76.0, 0.27682713, 0.35087544, 0.07404831, 0.30842564, 0.30362114, 0.0218317, 0.9995452609642409, 0.3544545, 0.28651014, -1.3306205546123095
142.0, 90.0, 0.200126, 0.454039, 0.253913, 0.29496676, 0.25644976, 0.080035456, 0.9998831975466687, 0.7794342, 0.23769727, -0.8810309921464148
142.0, 90.0, 0.22861122, 0.47114998, 0.24253877, 0.3080266, 0.2674592, 0.079058945, 0.9998820385070161, 0.8181746, 0.23782992, -0.8490031874180572
142.0, 90.0, 0.25318342, 0.38910997, 0.13592654, 0.31083712, 0.2981662, 0.04394476, 0.9998878768344535, 0.446992, 0.2615731, -1.3318750449679706
154.0, 88.0, 0.23338635, 0.41006762, 0.17668127, 0.31697863, 0.3018636, 0.05535977, 0.9997163082317143, 0.29776436, 0.29516512, -1.3837706386190773
154.0, 88.0, 0.26790687, 0.36254805, 0.09464118, 0.30916294, 0.30285844, 0.029195542, 0.9997173869422904, 0.33353737, 0.2941703, -1.3077112310105428
154.0, 88.0, 0.2628664, 0.36646104, 0.10359463, 0.3078778, 0.30171442, 0.03180335, 0.9997548094579792, 0.37076712, 0.30514655, -1.299033345281066
173.0, 107.0, 0.26193792, 0.38924256, 0.12730464, 0.32074958, 0.314929, 0.0321642, 0.9989785303075422, 0.26849055, 0.29801697, -1.1690241207414143
173.0, 107.0, 0.26021352, 0.345835, 0.085621476, 0.30645618, 0.30440044, 0.019909887, 0.9990859046489267, -0.0023342494, 0.2906221, -0.8483372163793192
173.0, 107.0, 0.27798778, 0.3462329, 0.06824511, 0.30927223, 0.30746782, 0.016059179, 0.9984663858064906, 0.16387706, 0.29274437, -0.9726809272039989
111.0, 62.0, 0.24575539, 0.3864571, 0.1407017, 0.30312806, 0.30295792, 0.038815532, 0.9998247739926787, 0.42087075, 0.25172436, -0.8188591713745734
111.0, 62.0, 0.27652872, 0.35160494, 0.07507622, 0.30415544, 0.29606047, 0.021180565, 0.9997490214227243, 0.68955964, 0.28123754, -0.805865487833243
111.0, 62.0, 0.27540123, 0.35266608, 0.077264845, 0.30554828, 0.30352166, 0.019025601, 0.9996667394118439, 0.5579833, 0.2866096, -0.6665671219179425
107.0, 63.0, 0.17598486, 0.4459146, 0.26992974, 0.28920165, 0.26407677, 0.07691169, 0.999888677846258, 0.5069037, 0.24781135, -0.993507754953745
107.0, 63.0, 0.20874783, 0.4642857, 0.25553787, 0.3166787, 0.2899257, 0.07860505, 0.9998788307851258, 0.48075175, 0.28830084, -1.147928407268976
107.0, 63.0, 0.2558363, 0.38068703, 0.12485072, 0.3087296, 0.29768535, 0.035934974, 0.9998566096670911, 0.43650496, 0.29649156, -1.1269274580014712
128.0, 66.0, 0.18089269, 0.5046757, 0.32378298, 0.31382838, 0.28185105, 0.086251214, 0.9998142027704086, 0.7740716, 0.30385327, -0.5868072748467603
128.0, 66.0, 0.21279345, 0.4731728, 0.26037937, 0.30148247, 0.2639773, 0.08067451, 0.999797179992965, 0.94343, 0.24001853, -0.5918773935331338
128.0, 66.0, 0.26054513, 0.4056904, 0.14514527, 0.30680183, 0.28606245, 0.04184801, 0.9997782521806624, 1.0750786, 0.27596495, -0.18536415916938243
131.0, 88.0, 0.28190076, 0.33220583, 0.05030507, 0.30110905, 0.2972377, 0.013192161, 0.9988899593634367, 0.6249735, 0.29098687, -0.8627908257098005
131.0, 88.0, 0.29453507, 0.4163682, 0.121833116, 0.3229015, 0.31482956, 0.02448218, 0.999755479792148, 1.3875841, 0.30192995, 1.6879011045424956
131.0, 88.0, 0.29347393, 0.41454434, 0.121070415, 0.32210058, 0.31365234, 0.025960978, 0.9997813289559527, 1.2718806, 0.29758587, 1.0890250749166537
114.0, 75.0, 0.18944818, 0.41908738, 0.2296392, 0.3141456, 0.3123425, 0.05173071, 0.9996359665673447, 0.014895593, 0.3141, -0.5346695521837175
114.0, 75.0, 0.27818677, 0.3648362, 0.08664942, 0.3193902, 0.31701815, 0.022353558, 0.9993224360656766, 0.22336026, 0.3023942, -1.1082991738887025
114.0, 75.0, 0.24860722, 0.3644714, 0.11586419, 0.30578852, 0.3015486, 0.026669595, 0.9995125076495442, 0.098616004, 0.29363972, -0.7774327179315645
139.0, 84.0, 0.24326833, 0.44160366, 0.19833533, 0.32702136, 0.3076502, 0.058928546, 0.9997991215919932, 0.4998024, 0.3200358, -1.1203728760620182
139.0, 84.0, 0.21368882, 0.4312243, 0.21753547, 0.31257856, 0.28596297, 0.07225426, 0.9998458920631618, 0.36578435, 0.41490915, -1.4186639806700023
139.0, 84.0, 0.27215144, 0.36937922, 0.09722778, 0.3142419, 0.3015652, 0.030855646, 0.9997631843233452, 0.46794626, 0.2902573, -1.3531889718321581
110.0, 63.0, 0.18623158, 0.48325372, 0.29702213, 0.31182024, 0.2858635, 0.08777682, 0.9998767925984623, 0.5811041, 0.306473, -1.01571460118573
110.0, 63.0, 0.11695846, 0.445583, 0.32862452, 0.26808822, 0.2399688, 0.09588606, 0.9998904798126135, 0.43030187, 0.19611354, -1.0004753948206329
110.0, 63.0, 0.24698232, 0.39096692, 0.1439846, 0.3037651, 0.28601274, 0.046957664, 0.9998395856066725, 0.5635788, 0.2538135, -1.1946158896495065
100.0, 54.0, 0.26349646, 0.3794933, 0.11599684, 0.31682727, 0.31642124, 0.03002898, 0.9989660445805789, 0.16252303, 0.32494363, -1.2272169528059365
100.0, 54.0, 0.26920012, 0.390768, 0.121567875, 0.3133543, 0.30353826, 0.033758756, 0.9997387240055716, 0.7613918, 0.27516907, -0.6845498562726582
100.0, 54.0, 0.26442498, 0.35939777, 0.09497279, 0.31090087, 0.30836314, 0.02210932, 0.9994832528801961, 0.38621157, 0.3109497, -0.7336985748266152
117.0, 74.0, 0.22867753, 0.48418224, 0.25550473, 0.30919933, 0.2753349, 0.075827785, 0.9998678321710333, 0.8868391, 0.41341692, -0.5394514741736116
117.0, 74.0, 0.26608303, 0.38450053, 0.1184175, 0.30897027, 0.2953475, 0.03453346, 0.9997563318556446, 0.74657136, 0.27158773, -0.8061614376468373
117.0, 74.0, 0.2593182, 0.39574215, 0.13642395, 0.3026931, 0.2847526, 0.038924534, 0.9998153971175032, 0.87893486, 0.26880223, -0.6036996167928241
117.0, 74.0, 0.27109033, 0.38987267, 0.11878234, 0.32588047, 0.32278812, 0.032376036, 0.9996762772104631, 0.31270522, 0.3056108, -0.9172111253248874
117.0, 74.0, 0.27085817, 0.36732328, 0.09646511, 0.310389, 0.30499732, 0.02629741, 0.9995211883545823, 0.46842834, 0.28256398, -0.960096771858332
117.0, 74.0, 0.28869876, 0.34739354, 0.05869478, 0.31524563, 0.31242537, 0.015211348, 0.9992154609558794, 0.3025442, 0.30017242, -1.0352668139979118
101.0, 63.0, 0.18102534, 0.6015055, 0.4204802, 0.31317982, 0.2605949, 0.13036183, 0.9999138616879718, 0.9810238, 0.19183578, -0.4461196993062537
101.0, 63.0, 0.19584824, 0.5601539, 0.36430568, 0.30753982, 0.26513794, 0.118075475, 0.9999058812420444, 0.93070394, 0.20533225, -0.5623723543919712
101.0, 63.0, 0.255571, 0.41537338, 0.15980238, 0.31007838, 0.29758587, 0.04912055, 0.9998494489514963, 0.83102876, 0.26173893, -0.6428581537996929
122.0, 73.0, 0.2313304, 0.39706856, 0.16573817, 0.3121695, 0.31134763, 0.04558958, 0.9998003452749096, 0.00565445, 0.33432817, -1.072491040615702
122.0, 73.0, 0.2726157, 0.35273248, 0.08011678, 0.30957723, 0.30660564, 0.021885546, 0.9995648666323826, 0.29995066, 0.32670116, -1.1599527865928005
122.0, 73.0, 0.26843745, 0.34842154, 0.0799841, 0.30885196, 0.308529, 0.02144584, 0.9995640199035873, -0.13161309, 0.33807528, -0.9298677155515085
111.0, 76.0, 0.2519233, 0.4016116, 0.1496883, 0.31420836, 0.3030077, 0.045605112, 0.9997888997210578, 0.51516825, 0.2811049, -1.1173241876128621
111.0, 76.0, 0.27314627, 0.35966307, 0.0865168, 0.3089167, 0.3023942, 0.024630072, 0.9996025633633685, 0.54105365, 0.28525, -1.0597671226445473
111.0, 76.0, 0.2778883, 0.36606315, 0.08817485, 0.3160991, 0.31574145, 0.025914945, 0.999676454023419, 0.3073234, 0.2866428, -1.215633155676904
105.0, 70.0, 0.20161824, 0.42067912, 0.21906088, 0.29914027, 0.2958781, 0.060290415, 0.9997916588946522, 0.26136184, 0.23680195, -1.1872663523451763
105.0, 70.0, 0.20161824, 0.42067912, 0.21906088, 0.29914027, 0.2958781, 0.060290415, 0.9997916588946522, 0.26136184, 0.23680195, -1.1872663523451763
105.0, 70.0, 0.22350444, 0.42877033, 0.2052659, 0.30949062, 0.29793406, 0.057649493, 0.9997816125324843, 0.5482621, 0.3022947, -0.9525804794720032
100.0, 63.0, 0.2665141, 0.36659366, 0.100079566, 0.30566037, 0.29319203, 0.030333202, 0.9997695602005581, 0.7387286, 0.2826303, -0.887382723149921
100.0, 63.0, 0.2627006, 0.40055045, 0.13784987, 0.31692776, 0.302046, 0.04387826, 0.9998422285281853, 0.6355335, 0.3914312, -1.0842927883229472
100.0, 63.0, 0.25852233, 0.36307865, 0.10455632, 0.30327392, 0.2935568, 0.029010661, 0.9997664856528213, 0.55901086, 0.27841887, -0.9084962137412371
101.0, 71.0, 0.26545298, 0.33562142, 0.070168436, 0.29920903, 0.29969156, 0.017898362, 0.9993317353699842, 0.06254947, 0.3012004, -1.0210523794546442
101.0, 71.0, 0.2685369, 0.36238223, 0.09384534, 0.31749493, 0.31612283, 0.02441941, 0.999528637834096, 0.055563312, 0.31562537, -0.972243688434772
101.0, 71.0, 0.26581773, 0.3760445, 0.11022678, 0.31189594, 0.30289164, 0.03260515, 0.9997492154395086, 0.51897347, 0.28223237, -1.1975847476184869
182.0, 80.0, 0.19584824, 0.48448065, 0.2886324, 0.31089762, 0.274738, 0.0946843, 0.9998644184552801, 0.5306678, 0.2569638, -1.2486819361422314
182.0, 80.0, 0.1979374, 0.49137813, 0.29344073, 0.3152413, 0.27818674, 0.09676803, 0.9998689146664419, 0.47989324, 0.20659238, -1.2868532720539791
182.0, 80.0, 0.05484813, 0.4750298, 0.42018166, 0.29444063, 0.26649752, 0.09964577, 0.9998614666338587, 0.28753456, 0.46630853, -0.9804455137788981
106.0, 53.0, 0.23620504, 0.41693193, 0.18072689, 0.30070144, 0.28249767, 0.054112837, 0.9998590616981962, 0.7656402, 0.26644778, -0.8269681148830288
106.0, 53.0, 0.10455628, 0.41739622, 0.31283993, 0.3042328, 0.29863045, 0.067077965, 0.9998883551733267, -0.6164424, 0.2570301, 0.7600421445993089
106.0, 53.0, 0.2404165, 0.40678474, 0.16636825, 0.30661383, 0.2889972, 0.05448565, 0.9998586768617548, 0.49509102, 0.25497413, -1.3081002172315945
158.0, 89.0, 0.18089269, 0.40250692, 0.22161423, 0.29357624, 0.2864438, 0.064333566, 0.9997541052828253, 0.10107772, 0.23832734, -1.2358947143743488
158.0, 89.0, 0.26730996, 0.39683646, 0.1295265, 0.31748906, 0.3022947, 0.040641535, 0.9997197019200168, 0.63636833, 0.27981162, -1.1188946294878492
158.0, 89.0, 0.2501658, 0.42067912, 0.17051333, 0.31880832, 0.30277556, 0.049969047, 0.9997837614412814, 0.51893574, 0.28027588, -1.1183282424377907
170.0, 87.0, 0.20599547, 0.49489322, 0.28889775, 0.3399952, 0.3278286, 0.090772085, 0.9998377547458086, 0.20515357, 0.23282264, -1.432193637838134
170.0, 87.0, 0.17601801, 0.46332407, 0.28730607, 0.31373972, 0.30251026, 0.09576449, 0.9998456457181084, 0.21307196, 0.4494628, -1.4689347990874904
170.0, 87.0, 0.24419685, 0.38791612, 0.14371927, 0.31016088, 0.30367088, 0.046492685, 0.9997415667053066, 0.22941051, 0.379427, -1.4252600183782245
164.0, 73.0, 0.19916433, 0.51071095, 0.31154662, 0.31328416, 0.2724499, 0.099606104, 0.99978932927359, 0.6583874, 0.22625677, -1.0927263599946828
164.0, 73.0, 0.19564928, 0.5151545, 0.3195052, 0.3127913, 0.27508622, 0.10349475, 0.9998095836201355, 0.6429532, 0.21524736, -1.0984432591237798
164.0, 73.0, 0.20374055, 0.5017243, 0.29798377, 0.30276722, 0.26401046, 0.08833221, 0.9997622864396161, 0.7417325, 0.22294068, -0.9029143030780311
120.0, 69.0, 0.27483746, 0.3716342, 0.09679672, 0.31418294, 0.30776626, 0.028098254, 0.9996841711572806, 0.6053941, 0.2887319, -0.8847523359429461
120.0, 69.0, 0.28903034, 0.33482558, 0.045795232, 0.31225532, 0.31146368, 0.012128862, 0.9991236167297246, 0.096510164, 0.29911128, -1.257562510696231
120.0, 69.0, 0.2919817, 0.33714685, 0.04516515, 0.31138676, 0.30945745, 0.012319833, 0.9986207864220897, 0.26452282, 0.29964185, -1.2841424960848513
100.0, 55.0, 0.21753548, 0.31482956, 0.09729408, 0.26131865, 0.26079386, 0.024255462, 0.9994857122112346, 0.23050721, 0.24568908, -0.8347993197046559
100.0, 55.0, 0.26774108, 0.39361978, 0.12587869, 0.3218672, 0.31526062, 0.037363645, 0.9997539892526162, 0.3947931, 0.2882345, -1.284931102320129
100.0, 55.0, 0.14885926, 0.387883, 0.23902375, 0.28266045, 0.27646238, 0.05877764, 0.9998896685600178, -0.21221706, 0.26333067, -0.44463351475256774
136.0, 93.0, 0.28654328, 0.36221644, 0.07567316, 0.31702578, 0.31159633, 0.021294625, 0.9996696399979235, 0.6202478, 0.2950988, -0.9245124149579231
136.0, 93.0, 0.2817681, 0.34566918, 0.06390107, 0.3102129, 0.304931, 0.01912243, 0.9996216252468124, 0.42871046, 0.28843343, -1.1823831029241865
136.0, 93.0, 0.2854158, 0.3499138, 0.06449801, 0.31257954, 0.308529, 0.019312482, 0.9996123315319475, 0.5191741, 0.29211435, -1.036896254567695
128.0, 77.0, 0.220122, 0.41427904, 0.19415705, 0.30361724, 0.29145113, 0.053247124, 0.9996286273648556, 0.5408927, 0.38532957, -0.9547775848873647
128.0, 77.0, 0.27394214, 0.38035542, 0.106413275, 0.31572926, 0.307302, 0.030044544, 0.999578206356328, 0.6834198, 0.2866428, -0.8484274190852923
128.0, 77.0, 0.2683048, 0.37690672, 0.10860193, 0.3107116, 0.302046, 0.03139986, 0.9996063426422724, 0.6896087, 0.30693725, -0.8804493467707082
116.0, 58.0, 0.22526194, 0.5020228, 0.27676088, 0.31946233, 0.2979175, 0.08811397, 0.9999075503057948, 0.8233451, 0.23262368, -0.6811370883461638
116.0, 58.0, 0.21398723, 0.45951056, 0.24552333, 0.31442514, 0.29032362, 0.08399224, 0.9998921887320215, 0.4149009, 0.44372594, -1.3786123019956906
116.0, 58.0, 0.2753349, 0.38867885, 0.113343954, 0.31866693, 0.30479836, 0.038243596, 0.9998324185316033, 0.5329143, 0.28140336, -1.3628703217949507
128.0, 76.0, 0.2219127, 0.4948269, 0.27291423, 0.3184483, 0.2716706, 0.09450643, 0.9998786220480618, 0.69606304, 0.23454699, -1.1789292425163256
128.0, 76.0, 0.26956493, 0.4208117, 0.15124679, 0.31625026, 0.29292676, 0.048334643, 0.9998509382995059, 1.0671363, 0.27894944, -0.42123410175677334
128.0, 76.0, 0.2529513, 0.38914308, 0.13619179, 0.29417363, 0.2720188, 0.044082627, 0.9998414710537171, 1.1017404, 0.25875443, -0.4053136255441392
161.0, 95.0, 0.1855352, 0.50039786, 0.31486267, 0.30883685, 0.28360856, 0.09805382, 0.9998915089227374, 0.5522199, 0.20301099, -1.0768002220336685
161.0, 95.0, 0.24320202, 0.41497546, 0.17177345, 0.30398747, 0.28515053, 0.05292367, 0.9998879977365382, 0.80080485, 0.26117522, -0.7415274197903532
161.0, 95.0, 0.15555775, 0.41739622, 0.26183847, 0.2850326, 0.27148825, 0.06919649, 0.9999249619115683, 0.20472746, 0.25195646, -0.8233028448517765
153.0, 71.0, 0.23902372, 0.5033823, 0.2643586, 0.31737188, 0.27029443, 0.08321475, 0.9998985088081415, 0.9761853, 0.2532166, -0.6080270458136088
153.0, 71.0, 0.275766, 0.38161555, 0.105849564, 0.3120086, 0.29538065, 0.03359912, 0.9997804800895951, 0.9007868, 0.2848521, -0.7356154677748874
153.0, 71.0, 0.2834925, 0.37435335, 0.09086084, 0.31376493, 0.29828227, 0.029973919, 0.9997648737571693, 0.896434, 0.29410398, -0.7846586506101105
136.0, 71.0, 0.16039924, 0.4976124, 0.33721316, 0.2929794, 0.256599, 0.105393134, 0.999899402908612, 0.56659967, 0.46617585, -1.1737215489038044
136.0, 71.0, 0.24678338, 0.4162687, 0.16948533, 0.30676705, 0.28375775, 0.0556084, 0.999881757397203, 0.7347204, 0.25275233, -0.9837898416280111
136.0, 71.0, 0.23779677, 0.4131516, 0.17535482, 0.3074804, 0.28534952, 0.058434296, 0.999900062277028, 0.49622062, 0.2554052, -1.3632749436300537
143.0, 65.0, 0.18102534, 0.77248305, 0.5914577, 0.3995792, 0.35969627, 0.17646323, 0.9999275225891742, 0.4306511, 0.20125349, -1.1916478088582003
143.0, 65.0, 0.20476852, 0.3797586, 0.17499007, 0.28283152, 0.26442498, 0.052082084, 0.9998204552942959, 0.48270085, 0.24068175, -1.196185638547762
143.0, 65.0, 0.25513995, 0.40827698, 0.15313703, 0.3197208, 0.31948864, 0.045126673, 0.9998028189101585, 0.24744378, 0.27477118, -1.2421071016357033
116.0, 65.0, 0.24578854, 0.41388112, 0.16809258, 0.31694633, 0.30370405, 0.049564466, 0.9997638398039034, 0.5580015, 0.30746782, -0.946892324822024
116.0, 65.0, 0.27636293, 0.3786311, 0.10226816, 0.31020218, 0.30143255, 0.03051208, 0.9997565833422053, 0.93895775, 0.28156915, -0.4319681277630578
116.0, 65.0, 0.27715874, 0.37710574, 0.099947006, 0.31093416, 0.3003382, 0.030380247, 0.9997230634248344, 0.80173117, 0.2833267, -0.7426345000880654
133.0, 71.0, 0.19913118, 0.52941364, 0.33028245, 0.32729098, 0.31292278, 0.095493555, 0.9998414228375356, 0.35611963, 0.43951452, -1.1838875449492237
133.0, 71.0, 0.24525797, 0.3844011, 0.13914314, 0.30827218, 0.300189, 0.043868918, 0.9997146709180185, 0.3221599, 0.26144052, -1.3674393263228286
133.0, 71.0, 0.24728078, 0.38990578, 0.142625, 0.30799967, 0.2984481, 0.042587075, 0.9997158075182779, 0.4469042, 0.35286507, -1.148935851086945
123.0, 73.0, 0.2839899, 0.34354684, 0.05955693, 0.31219867, 0.31103262, 0.015305677, 0.9988680739396183, 0.19163956, 0.29868016, -1.1899204727008923
123.0, 73.0, 0.28269663, 0.33585352, 0.053156883, 0.30658492, 0.30499732, 0.013658786, 0.9985270720981437, 0.40602636, 0.30614138, -1.0158852091811323
123.0, 73.0, 0.28505105, 0.339037, 0.053985953, 0.30886608, 0.30395275, 0.01503767, 0.9988033638896741, 0.52745104, 0.2930428, -1.1395196877562972
