2400,2376,2354,2355,2355,2343,2337,2350,2344,2331,2320,2312,2295,2291,2277,2265,2255,2263,2321,2440,2577,2709,2813,2857,2839,2798,2743,2685,2634,2596,2562,2542,2532,2541,2545,2555,2562,2564,2544,2513,2471,2443,2412,2382,2368,2364,2342,2321,2324,2342,2354,2382,2401,2411,2399,2379,2350,2362,2388,2460,2557,2657,2730,2771,2770,2759,2740,2730,2717,2703,2673,2629,2579,2541,2518,2512,2517,2517,2508,2493,2468,2445,2422,2397,2376,2370,2363,2374,2388,2388,2379,2374,2347,2328,2315,2298,2276,2265,2268
2546,2692,2821,2895,2908,2877,2825,2754,2692,2651,2637,2619,2617,2620,2622,2604,2594,2578,2559,2542,2530,2514,2505,2494,2493,2486,2477,2460,2445,2408,2364,2327,2304,2279,2269,2270,2278,2281,2288,2298,2320,2367,2446,2547,2656,2747,2801,2810,2785,2752,2723,2706,2693,2686,2674,2655,2633,2610,2596,2569,2546,2523,2501,2468,2450,2443,2439,2440,2455,2453,2432,2415,2395,2365,2351,2342,2330,2318,2310,2291,2285,2282,2281,2293,2331,2390,2480,2596,2717,2826,2892,2901,2884,2841,2796,2753,2722,2695,2671
2638,2625,2611,2596,2575,2560,2556,2540,2522,2492,2455,2405,2376,2359,2362,2353,2354,2347,2339,2326,2332,2334,2340,2346,2349,2345,2336,2325,2336,2380,2454,2569,2706,2813,2881,2910,2880,2815,2755,2726,2678,2652,2644,2640,2641,2630,2638,2642,2633,2647,2670,2666,2613,2554,2494,2424,2367,2345,2338,2317,2315,2294,2288,2279,2269,2248,2249,2245,2255,2272,2289,2290,2288,2286,2309,2402,2565,2761,2963,3110,3160,3125,3046,2938,2857,2804,2773,2747,2735,2723,2709,2682,2679,2668,2654,2634,2618,2581,2548
2475,2440,2427,2406,2397,2398,2408,2396,2386,2371,2361,2335,2317,2300,2281,2256,2236,2203,2202,2210,2249,2331,2465,2604,2764,2907,3017,3061,3051,3006,2945,2874,2832,2799,2775,2748,2731,2709,2695,2671,2644,2609,2582,2560,2552,2536,2516,2488,2456,2418,2419,2428,2444,2439,2439,2436,2423,2383,2349,2331,2296,2249,2225,2215,2204,2218,2285,2395,2540,2706,2863,2969,3019,3013,2961,2890,2841,2804,2771,2766,2772,2784,2797,2801,2775,2733,2679,2620,2572,2521,2470,2406,2354,2326,2326,2332,2359,2385,2399
2396,2395,2390,2372,2372,2370,2355,2342,2333,2312,2297,2279,2270,2305,2407,2559,2754,2946,3105,3161,3150,3096,3039,2964,2961,2916,2886,2849,2828,2822,2837,2819,2791,2760,2730,2676,2640,2606,2562,2517,2495,2465,2441,2408,2393,2369,2359,2373,2408,2413,2399,2372,2326,2281,2266,2254,2239,2215,2194,2167,2187,2277,2430,2619,2835,3023,3143,3177,3152,3089,3033,2988,2970,2969,2969,2951,2937,2904,2862,2822,2774,2711,2642,2572,2515,2473,2446,2430,2450,2461,2470,2478,2487,2467,2451,2427,2399,2382,2380
2383,2345,2300,2258,2201,2187,2241,2358,2523,2718,2904,3047,3107,3083,3028,2962,2899,2864,2852,2840,2824,2800,2773,2736,2700,2689,2694,2684,2685,2685,2661,2619,2578,2524,2470,2430,2411,2390,2375,2366,2369,2352,2343,2329,2317,2305,2294,2288,2298,2294,2262,2226,2228,2264,2375,2549,2781,2980,3121,3190,3195,3128,3057,2997,2948,2896,2872,2857,2869,2879,2886,2865,2825,2755,2692,2633,2594,2558,2531,2507,2495,2481,2485,2476,2461,2446,2434,2393,2351,2296,2245,2217,2236,2272,2302,2308,2278,2221,2170
2172,2260,2425,2612,2796,2949,3050,3068,3035,2993,2961,2988,2988,2977,2951,2921,2894,2875,2868,2843,2801,2754,2697,2624,2576,2536,2491,2448,2433,2423,2426,2440,2455,2440,2423,2386,2331,2272,2236,2221,2230,2247,2250,2238,2229,2249,2314,2431,2615,2827,3017,3148,3199,3207,3158,3077,2994,2934,2868,2804,2765,2750,2756,2746,2734,2735,2738,2758,2774,2756,2696,2618,2500,2408,2372,2361,2368,2400,2406,2391,2378,2344,2301,2280,2259,2237,2212,2197,2207,2207,2186,2178,2207,2267,2419,2634,2880,3083,3211
3215,3142,3064,2993,2941,2888,2862,2836,2818,2802,2825,2834,2829,2799,2769,2695,2608,2541,2506,2465,2432,2415,2406,2377,2344,2311,2304,2284,2272,2264,2243,2199,2172,2177,2201,2219,2206,2178,2127,2071,2063,2130,2279,2489,2749,2984,3158,3234,3218,3129,3044,2974,2907,2873,2855,2816,2813,2816,2801,2778,2771,2747,2713,2674,2638,2589,2538,2492,2465,2438,2409,2372,2349,2342,2356,2390,2415,2415,2396,2348,2280,2212,2170,2130,2099,2077,2087,2123,2210,2366,2586,2815,3023,3152,3190,3142,3058,2955,2902
2784,2742,2771,2811,2847,2864,2877,2830,2769,2715,2660,2583,2497,2436,2380,2324,2328,2337,2325,2310,2298,2266,2250,2215,2180,2189,2219,2262,2306,2317,2288,2219,2127,2067,2084,2188,2370,2612,2885,3086,3200,3249,3233,3162,3098,3033,2963,2881,2829,2802,2801,2816,2835,2837,2825,2777,2708,2645,2603,2558,2530,2500,2469,2441,2439,2419,2410,2375,2349,2324,2331,2349,2360,2324,2267,2195,2127,2068,2047,2014,1991,1986,2034,2134,2329,2554,2778,2970,3087,3093,3086,3012,2926,2856,2828,2763,2747,2743,2755
2746,2717,2703,2681,2661,2645,2627,2582,2541,2486,2438,2445,2478,2508,2535,2541,2517,2461,2376,2300,2256,2204,2167,2148,2157,2150,2151,2139,2127,2136,2223,2381,2590,2806,2985,3061,3037,2975,2922,2863,2857,2855,2863,2875,2895,2885,2877,2856,2818,2746,2671,2620,2567,2494,2445,2403,2366,2335,2321,2317,2306,2279,2282,2298,2290,2262,2226,2164,2101,2067,2083,2098,2103,2080,2066,2023,1984,2000,2094,2248,2469,2707,2886,3023,3101,3130,3137,3126,3062,2990,2958,2922,2909,2909,2918,2886,2835,2798,2758
2634,2581,2541,2519,2510,2486,2453,2397,2351,2332,2338,2338,2347,2340,2315,2261,2233,2189,2140,2101,2093,2049,1998,1959,1945,1955,2023,2161,2365,2586,2818,3030,3166,3207,3235,3204,3152,3118,3087,3004,2958,2922,2885,2894,2915,2899,2861,2815,2762,2682,2629,2595,2557,2506,2522,2539,2539,2539,2551,2503,2419,2333,2280,2231,2191,2156,2130,2085,2023,1971,1955,1956,1989,2012,2059,2158,2292,2451,2702,2957,3145,3184,3146,3074,2981,2872,2847,2850,2829,2791,2772,2786,2801,2782,2762,2721,2657,2596,2556
2489,2459,2419,2419,2449,2447,2469,2471,2422,2352,2291,2206,2142,2086,2043,1987,1954,1947,1941,1905,1893,1884,1917,2035,2240,2489,2737,2937,3068,3116,3092,3051,3024,2980,2938,2900,2867,2815,2788,2792,2835,2859,2868,2844,2781,2702,2625,2553,2514,2474,2448,2423,2421,2435,2466,2445,2416,2387,2360,2295,2273,2269,2258,2189,2167,2124,2076,2008,1966,1928,1903,1877,1914,2036,2231,2467,2760,3021,3195,3276,3287,3241,3173,3094,3099,3076,3042,3036,3045,3012,2970,2911,2849,2794,2761,2752,2763,2734,2703
2602,2516,2496,2451,2390,2348,2329,2278,2234,2202,2188,2180,2177,2140,2108,2067,2029,1987,1979,1972,1988,2054,2221,2451,2732,2995,3197,3276,3264,3193,3147,3076,3026,2985,2980,2948,2959,2953,2957,2918,2880,2833,2784,2704,2636,2579,2518,2473,2438,2408,2375,2343,2335,2330,2340,2353,2388,2392,2395,2366,2306,2235,2190,2136,2085,2041,1999,1969,2024,2176,2419,2713,3007,3235,3366,3385,3363,3319,3288,3257,3268,3272,3294,3272,3251,3199,3166,3092,3039,2991,2932,2840,2785,2740,2721,2687,2665,2652,2654
2625,2590,2532,2476,2412,2366,2356,2325,2296,2245,2203,2134,2107,2060,2076,2076,2121,2251,2462,2729,3016,3277,3430,3472,3419,3326,3271,3240,3220,3210,3226,3202,3200,3202,3215,3173,3117,3010,2907,2796,2735,2673,2627,2609,2588,2548,2532,2504,2466,2402,2340,2296,2279,2222,2203,2220,2221,2204,2192,2189,2242,2368,2570,2842,3129,3354,3502,3553,3547,3525,3502,3466,3454,3429,3416,3397,3401,3407,3409,3348,3305,3245,3177,3118,3075,3003,2932,2873,2832,2814,2786,2750,2722,2666,2602,2554,2492,2416,2410
2379,2358,2330,2248,2202,2245,2351,2521,2740,2931,3071,3157,3160,3125,3093,3059,3028,3012,2980,2906,2801,2710,2603,2462,2319,2166,2019,1898,1844,1827,1840,1852,1904,1927,1935,1937,1939,1929,1946,1969,2022,2079,2104,2131,2147,2125,2087,2050,2037,2036,2130,2310,2558,2805,3036,3186,3242,3208,3189,3183,3183,3155,3161,3144,3104,3097,3160,3168,3149,3111,3044,2921,2836,2766,2702,2636,2625,2622,2633,2628,2605,2533,2464,2367,2285,2233,2227,2226,2242,2251,2285,2317,2359,2442,2600,2770,2968,3175,3356
3519,3514,3451,3357,3313,3262,3209,3167,3138,3068,3012,2975,2970,2917,2883,2832,2739,2633,2583,2545,2543,2580,2615,2615,2593,2547,2493,2422,2349,2279,2281,2260,2267,2368,2520,2671,2900,3136,3282,3350,3372,3369,3353,3325,3323,3314,3273,3225,3212,3189,3182,3193,3213,3204,3171,3077,2974,2866,2769,2696,2637,2564,2492,2424,2359,2332,2308,2263,2213,2177,2140,2113,2135,2197,2320,2467,2645,2838,2990,3082,3134,3116,3051,2984,2911,2837,2821,2827,2808,2779,2756,2711,2662,2624,2623,2587,2530,2446,2372
2279,2281,2314,2311,2270,2218,2172,2120,2110,2090,2030,1975,1968,2040,2206,2414,2646,2835,2922,2933,2927,2856,2792,2755,2720,2682,2674,2672,2704,2738,2759,2761,2720,2620,2538,2447,2355,2273,2233,2197,2196,2200,2213,2202,2164,2111,2074,2013,1955,1978,2085,2263,2542,2818,3035,3143,3160,3093,3024,2928,2854,2801,2784,2777,2780,2781,2794,2752,2695,2651,2600,2505,2456,2434,2433,2442,2455,2461,2410,2303,2189,2096,1984,1901,1866,1849,1839,1822,1845,1917,2069,2239,2432,2584,2667,2678,2687,2674,2661
2600,2558,2522,2505,2493,2469,2437,2400,2341,2304,2269,2221,2179,2127,2051,1987,1950,1923,1919,1913,1893,1864,1827,1804,1803,1783,1758,1689,1668,1717,1866,2046,2306,2520,2671,2729,2752,2715,2670,2606,2575,2568,2569,2572,2614,2629,2612,2575,2526,2430,2356,2304,2254,2214,2228,2225,2208,2189,2167,2103,2048,1983,1937,1939,1964,1978,2013,2049,2092,2188,2353,2548,2753,2888,2960,2961,2912,2845,2798,2750,2718,2678,2628,2590,2571,2541,2552,2564,2561,2550,2492,2396,2344,2281,2216,2196,2156,2065,1997
1922,1901,1902,1930,1953,1940,1950,1957,1975,2051,2259,2519,2767,2988,3147,3161,3119,3086,3020,2930,2852,2781,2729,2681,2665,2661,2642,2641,2629,2569,2522,2469,2382,2291,2236,2175,2161,2159,2168,2144,2111,2031,1980,1931,1885,1876,1926,2005,2155,2367,2573,2728,2842,2856,2821,2774,2716,2629,2554,2488,2420,2381,2360,2353,2374,2377,2353,2334,2267,2165,2106,2055,1990,1967,1965,1903,1874,1838,1802,1759,1758,1733,1705,1687,1729,1809,1964,2179,2424,2619,2772,2868,2910,2895,2870,2823,2749,2642,2546
2445,2391,2350,2332,2296,2285,2290,2295,2281,2245,2181,2126,2092,2051,2032,2043,2054,2032,2009,2008,2025,2081,2211,2405,2607,2734,2814,2833,2819,2762,2731,2677,2633,2564,2519,2476,2451,2431,2401,2347,2303,2262,2219,2191,2175,2137,2094,2047,2014,1972,1936,1905,1892,1863,1849,1833,1828,1819,1864,1976,2181,2401,2635,2826,2916,2917,2906,2862,2793,2703,2605,2547,2505,2457,2449,2456,2425,2330,2250,2190,2120,2042,2046,2052,2045,2031,2021,1974,1927,1893,1865,1833,1862,1893,1917,1914,1942,2034,2201
2651,2842,2903,2894,2874,2823,2782,2734,2693,2613,2533,2474,2458,2427,2411,2416,2409,2357,2288,2219,2151,2084,2008,1953,1922,1906,1911,1914,1899,1851,1802,1754,1723,1725,1778,1859,2013,2243,2499,2719,2888,2959,2967,2913,2849,2769,2698,2640,2620,2607,2579,2531,2509,2479,2441,2421,2406,2346,2279,2192,2129,2071,2024,1967,1968,1958,1952,1943,1927,1886,1861,1837,1836,1906,2052,2261,2494,2698,2843,2909,2912,2863,2808,2758,2684,2596,2565,2542,2545,2578,2592,2571,2540,2462,2358,2263,2195,2131,2081
2005,1977,1969,1977,2004,2031,2039,2034,2028,1999,1984,1996,2076,2217,2404,2599,2782,2863,2872,2850,2835,2788,2760,2740,2681,2590,2530,2483,2453,2433,2423,2383,2332,2245,2161,2086,2035,1976,1954,1926,1904,1898,1897,1899,1961,2001,2015,2038,2073,2084,2162,2318,2504,2648,2788,2870,2868,2793,2724,2647,2578,2519,2512,2518,2520,2505,2493,2442,2399,2338,2309,2287,2286,2270,2268,2244,2218,2182,2153,2127,2110,2071,2034,1984,1946,1950,2026,2167,2395,2617,2804,2939,3022,3005,2966,2909,2866,2804,2748
2683,2654,2649,2633,2604,2546,2504,2469,2476,2462,2424,2376,2312,2218,2173,2175,2186,2210,2196,2149,2089,2021,1959,1979,2073,2209,2383,2539,2671,2755,2806,2794,2757,2719,2714,2688,2672,2685,2695,2657,2636,2607,2580,2532,2503,2460,2425,2363,2324,2261,2202,2161,2121,2060,2001,1974,1964,1993,2020,2041,2031,2015,2053,2153,2332,2535,2716,2847,2921,2926,2902,2868,2792,2699,2636,2582,2540,2507,2501,2495,2472,2430,2398,2380,2363,2355,2352,2341,2317,2266,2231,2207,2196,2164,2142,2134,2151,2176,2254
2464,2556,2656,2720,2736,2716,2712,2670,2642,2633,2630,2633,2673,2670,2660,2637,2586,2529,2496,2454,2407,2345,2271,2201,2162,2139,2146,2147,2151,2135,2106,2061,2049,2067,2141,2290,2495,2703,2893,2999,3023,2994,2927,2829,2768,2740,2735,2766,2807,2805,2780,2700,2607,2488,2400,2366,2370,2356,2359,2361,2349,2341,2311,2304,2301,2269,2226,2196,2147,2100,2057,2013,2019,2032,2094,2221,2405,2573,2784,2912,2954,2932,2875,2815,2777,2724,2692,2713,2723,2733,2799,2837,2765,2683,2612,2481,2394,2354,2342
2343,2348,2332,2276,2245,2206,2162,2126,2129,2133,2123,2082,2058,2020,1967,1924,1927,1970,2075,2233,2450,2660,2843,2940,2946,2874,2807,2738,2694,2661,2662,2648,2644,2668,2690,2693,2657,2568,2455,2348,2260,2210,2212,2216,2237,2241,2246,2227,2205,2162,2120,2067,2026,2012,2023,2035,2056,2056,2011,1960,1975,2047,2181,2362,2568,2735,2840,2887,2890,2870,2851,2826,2797,2776,2739,2674,2618,2565,2516,2482,2444,2394,2377,2335,2280,2253,2248,2239,2236,2224,2207,2151,2059,1982,1913,1835,1800,1773,1753
1666,1619,1612,1671,1826,2030,2268,2468,2599,2672,2694,2671,2671,2659,2646,2621,2600,2546,2499,2472,2484,2463,2428,2389,2329,2242,2178,2117,2080,2050,2045,2032,2036,2025,2027,1985,1941,1905,1868,1835,1838,1837,1841,1840,1817,1773,1738,1700,1690,1705,1787,1933,2152,2376,2592,2726,2771,2755,2702,2601,2549,2539,2519,2504,2509,2523,2528,2513,2488,2453,2398,2319,2269,2222,2188,2154,2149,2122,2114,2111,2107,2075,2037,1995,1943,1892,1881,1880,1907,1888,1837,1793,1782,1740,1742,1806,1931,2096,2300
2728,2862,2918,2920,2883,2788,2727,2653,2608,2627,2638,2653,2647,2603,2557,2474,2354,2281,2237,2161,2130,2098,2078,2027,2014,2014,2026,2034,2046,2027,1999,1961,1976,2031,2096,2097,2086,2029,1944,1873,1935,2075,2281,2504,2734,2877,2949,2954,2933,2877,2823,2804,2799,2777,2763,2732,2693,2690,2671,2639,2681,2714,2667,2596,2532,2401,2269,2163,2144,2126,2110,2098,2098,2073,2070,2071,2057,2013,1945,1873,1832,1841,1867,1900,1911,1904,1868,1867,1935,2080,2312,2566,2781,2961,3082,3114,3084,3067,3056
2932,2888,2835,2735,2691,2672,2631,2621,2621,2584,2512,2428,2328,2245,2188,2174,2151,2132,2149,2152,2145,2185,2211,2204,2204,2188,2155,2101,2007,1916,1881,1862,1814,1803,1824,1853,1882,2000,2147,2329,2538,2767,2971,3092,3103,3030,2942,2851,2807,2790,2796,2794,2793,2765,2761,2785,2762,2688,2625,2557,2456,2407,2393,2375,2351,2321,2272,2204,2164,2129,2103,2085,2107,2134,2123,2094,2082,2030,1941,1936,1974,2027,2083,2183,2299,2449,2604,2804,2969,3034,3004,2959,2928,2880,2860,2876,2915,2887,2875
2857,2795,2752,2709,2647,2631,2626,2607,2614,2631,2595,2531,2476,2391,2320,2237,2176,2147,2153,2127,2118,2137,2168,2138,2114,2079,2043,1983,1968,1967,2028,2162,2356,2587,2860,3080,3216,3260,3247,3204,3157,3070,3052,3049,3039,3051,3064,3004,2954,2886,2836,2789,2743,2667,2630,2573,2568,2573,2574,2519,2454,2394,2327,2261,2242,2231,2195,2172,2178,2173,2140,2101,2091,2057,1994,1936,1906,1916,1939,1986,2111,2252,2444,2681,2947,3179,3307,3300,3232,3144,3043,2992,2985,3000,3015,3002,3006,2979,2929
2911,2894,2911,2916,2864,2762,2669,2564,2467,2379,2327,2298,2280,2286,2282,2273,2285,2282,2253,2244,2263,2225,2177,2146,2135,2148,2193,2270,2402,2530,2672,2856,3041,3175,3263,3278,3225,3177,3118,3070,3053,3057,3071,3111,3136,3120,3098,3032,2949,2863,2777,2673,2618,2575,2530,2510,2527,2516,2486,2477,2498,2504,2497,2481,2451,2380,2328,2264,2209,2191,2200,2211,2235,2248,2232,2171,2119,2124,2229,2413,2662,2920,3136,3274,3317,3295,3262,3239,3219,3288,3393,3444,3461,3450,3381,3260,3165,3067,3034
3048,3063,3069,3038,3005,2911,2792,2675,2562,2429,2364,2331,2304,2283,2287,2270,2267,2274,2274,2228,2193,2158,2127,2135,2121,2070,2026,1982,1925,1957,2131,2365,2648,2933,3194,3298,3314,3283,3240,3183,3192,3210,3217,3205,3216,3197,3189,3174,3161,3165,3171,3134,3124,3093,2983,2830,2727,2593,2498,2453,2454,2441,2445,2446,2452,2428,2392,2345,2272,2163,2094,2064,2092,2140,2183,2224,2229,2152,2075,2023,2013,2074,2237,2454,2718,2963,3139,3236,3270,3243,3195,3141,3101,3062,3036,3066,3071,3047,3053
2980,2897,2845,2778,2727,2665,2637,2595,2546,2482,2461,2436,2447,2446,2437,2379,2306,2222,2168,2092,2060,2051,2051,2017,2020,2011,2015,1986,1952,1919,1944,1997,2138,2364,2664,2969,3193,3285,3303,3249,3151,3139,3183,3219,3241,3262,3259,3248,3235,3220,3198,3170,3137,3134,3109,3034,2957,2874,2762,2680,2630,2577,2586,2587,2534,2497,2443,2310,2220,2166,2109,2066,2071,2045,2022,2004,1988,1915,1863,1824,1798,1799,1838,1918,2079,2324,2598,2869,3072,3175,3190,3162,3138,3122,3123,3117,3093,3073,3069
3078,3079,3089,3074,3034,2977,2920,2826,2720,2638,2565,2511,2477,2455,2425,2396,2377,2358,2344,2302,2258,2185,2111,2065,2045,1973,1917,1860,1800,1741,1752,1820,1913,2070,2331,2604,2841,3050,3186,3244,3249,3217,3206,3160,3087,3060,3038,2962,2936,2916,2880,2877,2890,2870,2837,2805,2743,2698,2650,2617,2583,2539,2498,2440,2371,2296,2254,2211,2192,2186,2185,2171,2157,2138,2094,2049,1992,1950,1917,1889,1854,1809,1831,1957,2149,2397,2755,3052,3248,3372,3440,3400,3337,3278,3235,3197,3164,3111,3085
3085,3092,3108,3082,3023,2914,2823,2712,2614,2537,2485,2418,2387,2356,2332,2311,2307,2281,2252,2199,2129,2073,2045,2040,2033,2015,1993,1938,1874,1841,1794,1714,1728,1765,1822,1964,2196,2409,2643,2843,2982,3036,3051,3026,2974,2902,2881,2842,2799,2782,2803,2799,2833,2832,2829,2829,2799,2721,2646,2562,2455,2375,2325,2285,2285,2273,2249,2223,2213,2138,2083,2039,1989,1943,1929,1928,1937,1951,1952,1953,1942,1885,1833,1822,1898,2054,2306,2571,2834,3007,3074,3059,3038,2994,2971,2949,2931,2887,2869
2829,2804,2783,2730,2671,2604,2559,2498,2440,2362,2320,2266,2230,2237,2276,2299,2323,2315,2240,2148,2065,1991,1919,1878,1843,1812,1778,1767,1735,1703,1675,1692,1820,2046,2329,2632,2910,3078,3150,3172,3165,3123,3099,3056,3015,3001,3009,3036,3079,3084,3022,2953,2859,2748,2657,2594,2528,2475,2452,2450,2440,2426,2404,2334,2253,2207,2161,2096,2076,2054,2007,1980,1992,2014,2019,2023,2007,1950,1880,1835,1798,1778,1802,1858,1992,2224,2496,2761,3026,3166,3210,3181,3135,3073,3052,3001,2952,2923,2904
2902,2920,2888,2822,2734,2648,2564,2498,2445,2390,2342,2290,2252,2215,2201,2181,2182,2163,2137,2091,2061,2021,1997,1976,1971,1957,1938,1900,1867,1794,1751,1725,1693,1670,1735,1860,2058,2360,2695,2970,3106,3139,3083,2998,2907,2846,2815,2781,2746,2724,2723,2715,2716,2715,2718,2688,2638,2607,2568,2517,2471,2432,2396,2349,2291,2251,2191,2094,2043,2002,1965,1957,1970,1950,1938,1934,1951,1937,1909,1852,1784,1737,1755,1818,1983,2248,2553,2829,3079,3217,3233,3162,3076,2967,2915,2857,2825,2802,2816
2902,2931,2942,2899,2828,2774,2762,2756,2771,2751,2706,2601,2499,2414,2369,2288,2229,2173,2114,2028,1995,1966,1934,1901,1882,1858,1857,1820,1783,1772,1770,1736,1715,1737,1848,2035,2306,2626,2907,3064,3154,3169,3133,3065,3011,2974,2968,2972,2969,2967,2991,3012,3034,3032,2978,2877,2769,2681,2631,2594,2554,2484,2418,2353,2319,2276,2252,2211,2192,2159,2097,1998,1923,1852,1836,1866,1915,1951,1927,1871,1839,1813,1770,1740,1762,1808,1908,2098,2373,2633,2869,3051,3151,3170,3157,3120,3096,3087,3078
2990,2992,2983,2965,2982,2976,2925,2845,2785,2686,2580,2466,2374,2297,2280,2285,2288,2295,2293,2264,2236,2205,2188,2175,2140,2072,2019,1989,1957,1940,1942,1918,1837,1769,1763,1812,1984,2238,2518,2795,3035,3155,3197,3180,3152,3073,3022,2970,2950,2962,3005,3037,3068,3062,2998,2919,2838,2750,2667,2590,2538,2489,2454,2428,2394,2341,2317,2280,2241,2221,2205,2160,2133,2147,2139,2122,2105,2061,1979,1894,1838,1778,1744,1729,1729,1728,1777,1898,2123,2424,2766,3064,3281,3350,3331,3304,3274,3234,3236
3251,3235,3226,3192,3144,3088,3049,2991,2932,2876,2824,2761,2719,2696,2649,2578,2535,2485,2413,2367,2321,2265,2213,2180,2138,2105,2070,2063,2068,2038,1978,1917,1861,1810,1781,1797,1821,1861,1986,2229,2511,2797,3038,3172,3194,3213,3242,3265,3283,3287,3250,3167,3111,3051,2996,2924,2903,2862,2816,2774,2749,2689,2647,2601,2542,2483,2423,2354,2298,2244,2187,2148,2128,2102,2096,2090,2096,2080,2076,2052,2035,1980,1950,1910,1892,1856,1837,1838,1893,2019,2256,2529,2788,3005,3127,3141,3106,3079,3066
3064,3063,3079,3111,3145,3165,3153,3082,2988,2879,2786,2676,2585,2485,2411,2364,2369,2366,2365,2345,2317,2259,2219,2167,2119,2053,2030,2023,2034,2054,2067,2030,1992,1915,1833,1743,1682,1659,1747,1944,2253,2594,2949,3238,3412,3465,3452,3369,3272,3231,3212,3186,3176,3171,3166,3154,3169,3177,3170,3118,3068,2972,2858,2748,2662,2595,2572,2546,2525,2498,2454,2428,2400,2355,2346,2316,2260,2228,2204,2127,2088,2049,2001,1911,1849,1789,1764,1772,1890,2052,2286,2552,2833,3075,3252,3333,3310,3258,3209
3142,3160,3170,3160,3177,3200,3233,3239,3259,3232,3149,3048,2964,2856,2770,2693,2633,2583,2570,2545,2508,2480,2458,2398,2342,2306,2270,2215,2161,2120,2082,2034,1968,1903,1859,1803,1777,1758,1785,1825,1948,2149,2432,2715,2992,3176,3275,3290,3272,3206,3149,3089,3082,3094,3117,3145,3187,3173,3142,3106,3104,3069,3014,2939,2869,2761,2675,2638,2630,2627,2635,2595,2515,2418,2315,2213,2153,2120,2100,2080,2070,2068,2037,1996,1976,1939,1893,1870,1867,1908,2053,2270,2575,2903,3165,3305,3383,3384,3354
3301,3257,3235,3218,3237,3254,3274,3272,3241,3191,3151,3075,2981,2907,2833,2755,2700,2661,2642,2604,2553,2502,2463,2380,2321,2284,2266,2215,2162,2088,2033,1953,1877,1826,1804,1802,1834,1863,1883,1869,1833,1815,1912,2081,2342,2635,2901,3115,3256,3312,3323,3324,3302,3263,3225,3202,3170,3150,3177,3214,3236,3221,3164,3063,2954,2826,2742,2668,2602,2536,2510,2468,2442,2404,2374,2332,2295,2221,2192,2179,2156,2117,2084,2014,1943,1834,1772,1730,1675,1583,1559,1551,1620,1782,2038,2329,2618,2830,3003
3172,3186,3211,3200,3170,3117,3081,3040,3006,2972,2941,2904,2866,2841,2811,2779,2729,2659,2583,2512,2438,2377,2344,2296,2266,2241,2212,2164,2114,2056,2007,1936,1870,1798,1740,1685,1666,1657,1721,1902,2156,2441,2751,3001,3129,3151,3142,3079,3013,2959,2971,2981,2985,2998,2998,2952,2896,2852,2781,2710,2637,2575,2507,2450,2403,2365,2307,2258,2238,2207,2210,2193,2163,2109,2057,1954,1854,1764,1728,1694,1648,1622,1605,1557,1528,1535,1555,1613,1729,1913,2190,2501,2805,3027,3164,3198,3200,3140,3075
2984,2952,2954,2956,2931,2880,2831,2777,2721,2664,2611,2561,2505,2428,2380,2341,2311,2281,2330,2388,2404,2349,2268,2164,2022,1875,1785,1741,1725,1721,1752,1778,1797,1771,1726,1692,1685,1667,1699,1834,2074,2342,2630,2863,2977,2984,2948,2858,2767,2730,2722,2720,2753,2798,2820,2825,2813,2764,2709,2644,2564,2473,2437,2401,2377,2393,2428,2419,2403,2333,2230,2110,2036,1964,1937,1920,1915,1867,1826,1789,1764,1741,1735,1728,1727,1721,1801,1959,2219,2507,2756,2920,2977,2934,2866,2816,2767,2738,2714
2740,2760,2788,2803,2778,2715,2631,2551,2481,2385,2286,2241,2224,2196,2215,2258,2269,2254,2187,2109,2023,1940,1863,1837,1816,1782,1761,1735,1716,1717,1719,1699,1708,1754,1876,2051,2276,2497,2694,2826,2896,2897,2881,2864,2839,2833,2847,2845,2840,2831,2801,2761,2745,2688,2619,2547,2493,2435,2426,2402,2370,2335,2283,2188,2114,2069,2046,2027,2028,2032,2039,2027,2009,1982,1939,1884,1847,1825,1811,1796,1810,1783,1762,1771,1845,1958,2173,2418,2688,2914,3058,3089,3069,2978,2874,2784,2719,2643,2617
2637,2643,2634,2596,2539,2473,2434,2381,2325,2248,2169,2112,2078,2045,2046,2036,2007,1966,1939,1897,1864,1841,1837,1840,1831,1804,1791,1777,1759,1751,1740,1781,1936,2132,2360,2615,2808,2879,2906,2887,2851,2805,2738,2660,2618,2568,2540,2515,2503,2502,2485,2445,2411,2361,2266,2179,2099,2038,2009,1992,1998,2018,2030,2026,2020,2002,1986,1961,1930,1906,1887,1864,1884,1893,1870,1843,1827,1823,1908,2083,2337,2608,2828,2950,3003,2985,2935,2841,2792,2753,2725,2677,2666,2654,2637,2591,2562,2556,2526
2396,2321,2245,2177,2149,2168,2183,2222,2256,2285,2271,2236,2176,2090,1998,1953,1927,1865,1850,1831,1804,1813,1839,1833,1827,1830,1853,1958,2147,2396,2667,2859,2974,2994,2934,2819,2736,2671,2615,2567,2558,2568,2595,2646,2654,2626,2569,2489,2396,2321,2292,2244,2212,2224,2254,2302,2309,2272,2214,2161,2054,1976,1944,1893,1877,1868,1889,1881,1869,1832,1811,1779,1797,1870,1998,2189,2428,2654,2831,2921,2924,2944,2931,2861,2837,2823,2745,2683,2728,2737,2735,2716,2664,2549,2461,2366,2354,2373,2434
2406,2354,2297,2210,2162,2151,2115,2085,2078,2092,2081,2039,1969,1916,1874,1864,1873,1869,1848,1829,1824,1897,2070,2297,2541,2765,2932,3001,3005,2991,2962,2924,2912,2886,2842,2791,2761,2717,2719,2699,2669,2637,2610,2547,2538,2538,2549,2536,2517,2474,2428,2342,2284,2232,2178,2122,2119,2104,2078,2049,2016,1966,1971,1980,2016,2037,2046,2004,1966,1936,1979,2103,2285,2516,2741,2934,3034,3039,2992,2920,2835,2776,2756,2745,2765,2790,2805,2792,2765,2691,2599,2512,2449,2413,2405,2433,2453,2423,2357
2172,2094,2074,2074,2081,2100,2101,2109,2114,2098,2037,1971,1906,1850,1867,1976,2156,2385,2657,2875,3005,3065,3038,2962,2904,2844,2774,2717,2683,2644,2611,2605,2626,2656,2651,2627,2589,2522,2416,2326,2307,2294,2309,2311,2295,2243,2200,2140,2135,2126,2119,2101,2092,2068,2033,1985,1938,1924,1969,2114,2328,2592,2848,3010,3088,3093,3050,2987,2970,2942,2953,2960,2941,2911,2947,2958,2949,2913,2860,2742,2636,2535,2491,2461,2474,2466,2457,2421,2389,2318,2260,2213,2193,2175,2173,2165,2193,2193,2164
2039,1964,1939,1942,1981,2060,2212,2403,2647,2908,3119,3247,3293,3245,3193,3128,3052,2985,2940,2882,2858,2844,2844,2836,2834,2793,2742,2688,2700,2676,2642,2604,2587,2529,2507,2476,2474,2422,2358,2279,2236,2179,2151,2134,2118,2123,2127,2105,2106,2089,2056,2062,2133,2248,2470,2746,2982,3145,3231,3202,3105,2993,2928,2892,2868,2848,2849,2816,2794,2771,2750,2721,2730,2701,2691,2691,2691,2641,2622,2608,2598,2568,2554,2493,2434,2336,2260,2221,2215,2196,2189,2171,2151,2100,2080,2136,2254,2424,2659
3075,3171,3181,3125,3060,2997,2979,2931,2924,2896,2877,2863,2889,2899,2877,2818,2735,2647,2594,2547,2518,2510,2501,2455,2462,2450,2435,2421,2407,2355,2280,2176,2081,2026,1984,1997,2034,2052,2034,2017,2010,2055,2198,2423,2682,2899,3087,3203,3244,3248,3253,3224,3174,3132,3100,3072,3030,2993,2945,2896,2862,2844,2808,2747,2663,2577,2521,2472,2441,2405,2357,2306,2285,2256,2244,2222,2170,2095,2045,1993,1949,1937,1941,1946,1982,2003,2007,2043,2122,2270,2505,2766,2984,3137,3205,3185,3133,3073,3044
2957,2925,2912,2881,2905,2930,2942,2906,2891,2850,2787,2709,2646,2581,2506,2427,2379,2338,2299,2204,2117,2034,1977,1913,1910,1948,1977,1983,1977,1965,1932,1906,1896,1911,1960,2072,2260,2497,2714,2896,2989,2994,2956,2916,2851,2799,2741,2684,2647,2615,2605,2618,2608,2593,2595,2568,2492,2433,2370,2310,2271,2237,2211,2165,2123,2090,2066,2032,2000,1955,1930,1931,1920,1901,1886,1862,1849,1877,1973,2140,2361,2596,2850,3008,3045,3037,3023,2967,2933,2912,2858,2797,2749,2729,2746,2742,2693,2603,2525
2347,2303,2288,2262,2243,2215,2200,2166,2119,2093,2079,2041,2004,1986,1950,1933,1933,1964,1991,1992,1973,1932,1879,1843,1888,1994,2192,2433,2682,2861,2959,2964,2934,2873,2859,2853,2855,2835,2782,2713,2682,2650,2631,2626,2595,2510,2435,2356,2296,2254,2234,2237,2245,2216,2189,2159,2112,2031,1997,1963,1930,1911,1900,1876,1844,1818,1794,1817,1856,1894,1959,2038,2168,2339,2552,2758,2922,2983,2984,2908,2822,2753,2714,2677,2704,2717,2721,2706,2681,2619,2567,2515,2488,2458,2413,2340,2312,2298,2303
2341,2301,2239,2153,2084,2032,1998,1967,1955,1935,1916,1882,1844,1817,1831,1874,2007,2210,2442,2646,2816,2912,2938,2870,2781,2679,2608,2565,2576,2595,2655,2686,2682,2644,2613,2557,2478,2404,2347,2290,2265,2278,2283,2285,2270,2255,2223,2192,2185,2146,2084,2038,2019,2004,2021,2032,2055,2043,2005,1956,1921,1902,1975,2123,2347,2611,2842,2964,3021,3026,2992,2933,2920,2913,2902,2874,2861,2844,2816,2805,2825,2860,2896,2870,2802,2701,2607,2493,2459,2437,2420,2400,2401,2376,2336,2271,2214,2146,2055
1935,1867,1823,1814,1814,1816,1850,1891,1982,2126,2344,2558,2764,2904,2959,2932,2890,2840,2815,2811,2829,2821,2815,2820,2836,2826,2826,2817,2799,2722,2651,2581,2529,2448,2415,2385,2361,2332,2294,2237,2195,2155,2126,2071,2042,2010,2013,2022,2085,2085,2035,1947,1896,1896,2017,2226,2472,2689,2823,2892,2913,2862,2791,2747,2696,2645,2678,2693,2687,2713,2715,2627,2556,2506,2445,2363,2323,2313,2293,2268,2314,2319,2281,2227,2168,2073,2025,1992,1994,2016,2055,2105,2130,2113,2060,2003,1923,1864,1896
2192,2418,2678,2884,2992,3028,3017,2939,2856,2819,2773,2722,2706,2696,2670,2671,2680,2690,2660,2620,2552,2474,2373,2319,2288,2259,2246,2261,2264,2233,2198,2149,2081,2022,2000,2001,2036,2066,2135,2141,2132,2113,2095,2100,2188,2317,2479,2631,2732,2783,2797,2760,2740,2706,2664,2637,2611,2587,2590,2590,2570,2543,2517,2485,2471,2437,2395,2335,2312,2278,2265,2258,2255,2210,2196,2167,2125,2068,2032,1979,1941,1914,1928,1979,2023,2107,2298,2489,2622,2766,2872,2850,2767,2680,2596,2539,2519,2547,2579
2568,2534,2486,2447,2426,2384,2348,2305,2261,2231,2177,2133,2133,2128,2108,2109,2093,2042,2019,1987,1985,1987,2000,2008,2004,2003,2053,2157,2324,2509,2742,2945,3085,3118,3124,3074,2984,2883,2789,2703,2613,2534,2496,2467,2465,2448,2420,2371,2326,2269,2236,2225,2215,2201,2199,2187,2166,2161,2141,2125,2122,2126,2112,2109,2134,2104,2047,1964,1911,1842,1864,1972,2183,2403,2640,2847,2994,3036,3035,2967,2876,2806,2761,2714,2697,2658,2602,2553,2512,2458,2437,2415,2392,2366,2361,2342,2303,2260,2243
2215,2211,2206,2182,2138,2087,2053,2019,1986,1961,1921,1875,1840,1827,1904,2082,2328,2580,2795,2921,2962,2929,2872,2800,2715,2612,2503,2417,2408,2428,2444,2508,2550,2521,2497,2465,2392,2310,2260,2218,2202,2181,2196,2185,2162,2184,2202,2149,2094,2047,1980,1942,1939,1968,2020,2067,2165,2326,2514,2678,2810,2881,2931,2924,2887,2856,2830,2756,2706,2695,2690,2678,2697,2709,2679,2629,2579,2531,2494,2467,2436,2392,2353,2284,2228,2172,2198,2210,2242,2253,2258,2199,2117,2036,1985,1943,1918,1885,1887
2117,2331,2606,2870,3047,3125,3125,3058,2978,2918,2860,2820,2791,2760,2748,2742,2731,2735,2727,2655,2571,2484,2392,2333,2320,2321,2310,2292,2278,2243,2199,2168,2149,2109,2081,2049,2007,1963,1934,1911,1930,1942,1964,2059,2206,2364,2576,2797,2939,3042,3070,3030,2986,2934,2892,2900,2920,2937,2934,2889,2828,2775,2698,2665,2670,2647,2604,2573,2507,2390,2315,2286,2251,2219,2212,2179,2152,2145,2172,2179,2191,2169,2133,2060,2022,2034,2123,2279,2468,2680,2885,3010,3081,3092,3056,2956,2900,2833,2818
2852,2863,2865,2833,2813,2754,2674,2594,2547,2533,2557,2560,2536,2485,2405,2297,2226,2197,2183,2150,2138,2134,2124,2091,2069,2022,1966,1946,2012,2154,2396,2671,2945,3171,3284,3262,3199,3127,3030,2972,2963,2978,2984,2987,2990,2968,2919,2852,2779,2696,2685,2685,2682,2681,2677,2599,2518,2457,2394,2309,2247,2209,2177,2139,2153,2164,2134,2107,2099,2063,2038,2024,2034,2154,2373,2665,2952,3171,3281,3255,3133,3018,2953,2880,2832,2810,2808,2792,2810,2851,2867,2831,2800,2741,2672,2583,2580,2582,2609
2651,2635,2556,2437,2329,2202,2085,2012,1971,1942,1986,2041,2072,2083,2074,2037,2059,2159,2344,2561,2771,2899,2956,2921,2854,2801,2767,2736,2730,2756,2762,2740,2728,2710,2665,2596,2571,2529,2469,2393,2333,2270,2228,2193,2149,2129,2103,2072,2064,2063,2018,1967,1943,1895,1875,1887,1934,1957,2049,2229,2448,2629,2888,3083,3184,3206,3184,3064,2953,2849,2776,2736,2727,2726,2722,2734,2749,2728,2679,2623,2592,2536,2479,2402,2328,2248,2198,2167,2159,2133,2045,1941,1890,1876,1879,1901,1939,1939,1922
1932,1936,1970,2045,2181,2364,2568,2795,2990,3078,3120,3126,3079,3011,2972,2916,2839,2748,2687,2641,2624,2613,2617,2575,2508,2449,2402,2353,2314,2289,2262,2260,2251,2259,2261,2226,2160,2096,2010,1930,1885,1851,1847,1860,1856,1857,1848,1828,1852,1948,2094,2307,2545,2740,2878,2929,2922,2901,2895,2901,2914,2889,2841,2774,2706,2629,2576,2512,2461,2390,2347,2311,2289,2258,2264,2252,2233,2200,2178,2139,2104,2076,2056,2036,2009,1978,1957,1966,1987,2010,2033,2057,2096,2184,2334,2488,2632,2713,2735
2718,2715,2728,2740,2723,2677,2655,2640,2625,2612,2573,2504,2466,2427,2378,2333,2322,2273,2220,2192,2188,2159,2142,2126,2115,2113,2124,2102,2088,2070,2011,1919,1857,1791,1759,1844,2058,2330,2622,2883,3055,3112,3083,3009,2922,2835,2781,2741,2735,2748,2760,2761,2782,2783,2769,2746,2692,2609,2537,2484,2447,2455,2453,2419,2379,2323,2217,2154,2122,2065,2043,2039,2037,2044,2101,2124,2111,2067,2031,1992,2058,2254,2508,2769,2969,3069,3089,3041,2946,2871,2817,2755,2740,2731,2726,2755,2801,2790,2743
2600,2488,2404,2363,2348,2308,2303,2334,2386,2387,2401,2377,2323,2243,2187,2160,2120,2063,2028,1974,1912,1903,1914,1968,2135,2345,2575,2787,2949,3014,3021,2955,2881,2840,2800,2782,2791,2762,2729,2711,2677,2641,2644,2581,2522,2451,2381,2346,2346,2321,2337,2350,2336,2344,2351,2340,2325,2323,2334,2292,2245,2187,2136,2056,2032,2050,2148,2287,2471,2695,2913,3060,3132,3153,3144,3087,3049,3017,2976,2976,3002,3015,3016,2992,2915,2807,2718,2674,2673,2683,2702,2689,2627,2556,2492,2425,2388,2367,2354
2304,2293,2273,2213,2200,2206,2169,2113,2074,2011,1956,1957,2073,2247,2446,2661,2866,2980,3028,3050,3045,3001,2982,2958,2952,2913,2854,2799,2786,2742,2731,2741,2742,2666,2599,2527,2475,2402,2366,2344,2323,2250,2218,2192,2150,2130,2137,2119,2093,2058,2013,1965,1932,1904,1923,1952,2033,2179,2391,2612,2796,2932,2988,2983,2935,2885,2838,2808,2774,2707,2664,2621,2591,2584,2596,2579,2582,2540,2460,2370,2317,2241,2199,2196,2206,2194,2178,2138,2090,2028,1989,1946,1926,1899,1909,1914,1929,1942,1941
1898,1892,1975,2147,2343,2568,2788,2898,2900,2846,2765,2681,2631,2604,2588,2555,2542,2530,2532,2526,2529,2494,2437,2361,2300,2273,2277,2259,2238,2199,2132,2064,2019,1988,1972,1950,1933,1920,1905,1892,1885,1875,1872,1863,1849,1857,1856,1844,1929,2091,2269,2452,2656,2781,2821,2772,2725,2650,2576,2495,2428,2379,2379,2376,2372,2383,2392,2336,2286,2247,2198,2110,2037,1980,1947,1946,1986,2041,2076,2084,2089,2048,1997,1969,1942,1888,1880,1863,1838,1850,1876,1896,1974,2091,2225,2430,2642,2790,2865
2803,2719,2646,2596,2560,2522,2483,2435,2376,2344,2292,2270,2253,2225,2177,2143,2100,2091,2099,2109,2142,2146,2119,2089,2036,1961,1934,1902,1863,1843,1847,1804,1754,1747,1773,1793,1809,1828,1927,2083,2262,2469,2677,2750,2745,2762,2773,2750,2727,2705,2636,2525,2447,2375,2301,2209,2184,2192,2225,2230,2262,2265,2258,2238,2229,2172,2113,2054,1993,1930,1936,1974,2023,2082,2170,2233,2204,2139,2068,1985,1926,1887,1860,1838,1854,1882,2000,2227,2466,2664,2782,2796,2704,2593,2503,2473,2478,2494,2492
2454,2484,2508,2519,2518,2483,2418,2334,2272,2225,2202,2144,2092,2073,2064,2046,2060,2073,2074,2073,2067,2034,2007,2016,2075,2066,2049,2014,1939,1847,1889,2013,2214,2421,2591,2685,2730,2697,2659,2638,2617,2576,2530,2512,2544,2598,2662,2701,2705,2628,2528,2415,2342,2290,2250,2278,2294,2277,2263,2252,2198,2165,2128,2065,2023,1984,1969,2034,2048,2017,2010,2008,1954,1938,1933,1905,1903,1988,2163,2404,2629,2813,2918,2935,2886,2820,2745,2672,2669,2674,2693,2699,2689,2638,2588,2487,2350,2212,2100
2048,2074,2164,2192,2164,2172,2181,2129,2122,2100,2053,2032,2023,1997,1993,2030,2040,2023,2009,1977,1933,1932,1978,2080,2245,2413,2609,2786,2906,2941,2925,2872,2800,2738,2705,2697,2674,2654,2629,2621,2625,2618,2590,2548,2505,2418,2342,2279,2236,2219,2256,2270,2270,2253,2229,2154,2112,2075,2066,2037,2068,2090,2128,2132,2141,2162,2145,2120,2155,2227,2305,2486,2677,2779,2856,2880,2840,2813,2820,2777,2734,2679,2624,2568,2532,2505,2483,2443,2427,2441,2464,2496,2494,2456,2392,2324,2249,2192,2166
2143,2132,2140,2131,2125,2125,2135,2122,2129,2118,2087,2031,2024,2018,2035,2093,2230,2407,2609,2796,2939,3002,3004,2968,2934,2924,2928,2889,2849,2807,2763,2710,2676,2657,2618,2565,2527,2513,2513,2537,2521,2470,2403,2337,2269,2239,2246,2242,2223,2204,2201,2185,2181,2157,2119,2111,2121,2140,2148,2139,2073,2019,1992,2024,2166,2395,2606,2792,2946,3021,3019,2994,2943,2900,2861,2804,2766,2731,2725,2696,2696,2681,2687,2650,2622,2588,2559,2517,2490,2482,2480,2443,2394,2347,2280,2206,2176,2161,2146
2153,2172,2171,2147,2150,2123,2104,2181,2354,2579,2812,3000,3112,3116,3049,2973,2922,2854,2824,2798,2798,2810,2825,2817,2809,2754,2699,2664,2606,2552,2518,2484,2442,2423,2410,2408,2418,2423,2434,2394,2353,2284,2248,2230,2232,2234,2242,2239,2206,2166,2159,2194,2281,2430,2658,2859,3008,3084,3129,3144,3141,3155,3178,3150,3105,3076,3025,2985,2973,2943,2903,2879,2862,2823,2794,2767,2721,2639,2563,2502,2450,2423,2452,2495,2561,2605,2617,2585,2533,2438,2350,2276,2216,2184,2163,2148,2149,2164,2216
2555,2755,2971,3126,3196,3209,3216,3184,3153,3117,3088,3053,3018,2983,2980,2981,2964,2924,2899,2828,2752,2686,2646,2599,2588,2595,2592,2573,2563,2528,2453,2383,2345,2282,2255,2263,2272,2268,2272,2248,2242,2275,2370,2533,2765,2978,3137,3220,3237,3185,3121,3101,3097,3080,3055,3025,2987,2968,2964,2972,3014,3044,3042,2990,2937,2855,2738,2620,2568,2543,2528,2514,2518,2490,2446,2394,2381,2362,2328,2284,2238,2168,2105,2126,2215,2391,2635,2856,3060,3202,3260,3266,3311,3310,3305,3290,3292,3279,3262
3235,3211,3204,3217,3218,3204,3171,3079,2997,2928,2854,2816,2805,2771,2755,2721,2667,2598,2550,2506,2479,2429,2394,2369,2326,2286,2275,2246,2204,2224,2331,2481,2726,2985,3178,3307,3391,3422,3415,3393,3340,3278,3209,3154,3119,3107,3120,3115,3115,3077,3025,2983,2947,2885,2851,2784,2677,2596,2542,2478,2453,2435,2410,2388,2382,2373,2353,2315,2286,2260,2237,2191,2215,2300,2461,2647,2876,3060,3203,3253,3263,3238,3200,3111,3034,2957,2920,2886,2896,2899,2913,2909,2888,2818,2759,2702,2619,2558,2543
2461,2454,2446,2417,2371,2327,2270,2213,2180,2206,2231,2217,2213,2183,2137,2125,2223,2373,2567,2778,2972,3086,3111,3080,3036,2981,2941,2925,2926,2957,2980,2973,2935,2893,2804,2692,2598,2520,2481,2432,2420,2432,2441,2412,2404,2372,2324,2297,2311,2336,2335,2301,2257,2169,2072,1989,1944,1902,1874,1848,1885,1993,2173,2395,2640,2826,2930,2961,2937,2866,2830,2822,2843,2839,2837,2806,2751,2662,2624,2613,2594,2541,2494,2422,2368,2329,2338,2355,2380,2375,2368,2327,2265,2185,2131,2079,2079,2113,2178
2136,2094,2034,1972,1994,2118,2308,2513,2720,2881,2947,2929,2899,2837,2785,2757,2725,2696,2724,2729,2709,2681,2649,2607,2581,2577,2581,2560,2505,2432,2344,2256,2165,2096,2071,2072,2076,2067,2048,2012,1966,1909,1849,1802,1765,1825,2008,2304,2606,2862,3028,3073,3027,2953,2899,2838,2784,2726,2670,2625,2575,2532,2533,2512,2491,2486,2439,2358,2348,2359,2394,2431,2450,2391,2315,2188,2087,2021,1994,1966,1965,1973,1960,1928,1899,1833,1782,1763,1768,1817,1980,2196,2429,2659,2858,2965,2986,2957,2920
2845,2840,2853,2845,2816,2774,2711,2610,2542,2479,2397,2340,2321,2286,2265,2252,2224,2174,2129,2079,2107,2158,2220,2236,2235,2178,2079,1971,1916,1886,1874,1872,1914,2007,2173,2342,2536,2695,2797,2816,2806,2749,2728,2728,2745,2757,2738,2663,2564,2484,2437,2440,2442,2439,2418,2353,2282,2243,2213,2174,2167,2145,2113,2099,2088,2063,2048,2035,1997,1981,1999,2053,2099,2183,2300,2447,2584,2746,2856,2884,2854,2774,2711,2696,2699,2674,2682,2665,2631,2605,2598,2573,2538,2483,2434,2419,2414,2424,2417
2352,2295,2228,2173,2120,2051,2044,2041,2065,2121,2235,2370,2556,2720,2848,2888,2868,2792,2708,2618,2570,2528,2545,2568,2583,2565,2578,2544,2503,2464,2437,2378,2333,2292,2250,2236,2240,2260,2315,2356,2352,2304,2206,2105,2021,1954,1951,2040,2206,2434,2691,2884,2997,3018,2990,2948,2920,2882,2831,2769,2701,2629,2594,2616,2664,2693,2737,2706,2620,2530,2426,2309,2223,2175,2110,2095,2092,2105,2108,2113,2103,2083,2045,2020,2016,2002,1973,2010,2092,2205,2391,2609,2762,2855,2903,2869,2821,2784,2743
2699,2717,2723,2700,2702,2665,2602,2578,2582,2523,2500,2480,2415,2347,2319,2278,2237,2163,2118,2074,2019,2002,2034,2013,2000,1968,1919,1872,1851,1861,1880,1898,1988,2120,2285,2477,2693,2853,2930,2920,2871,2799,2742,2758,2770,2765,2747,2695,2612,2549,2507,2464,2456,2422,2388,2363,2343,2295,2282,2263,2259,2249,2209,2126,2082,2026,1985,1965,1978,1962,1943,1900,1885,1852,1810,1763,1777,1783,1838,1957,2158,2348,2527,2664,2749,2739,2679,2597,2528,2464,2451,2430,2438,2464,2479,2451,2482,2481,2427
2352,2263,2169,2119,2081,2050,2017,2006,1990,1958,1939,1909,1896,1882,1851,1811,1837,1833,1785,1756,1755,1712,1691,1694,1727,1788,1929,2119,2394,2629,2782,2820,2802,2698,2573,2492,2435,2366,2332,2383,2422,2461,2500,2485,2390,2283,2169,2056,1981,1929,1892,1884,1897,1938,1969,1972,1963,1922,1854,1791,1752,1731,1795,1820,1815,1800,1767,1673,1602,1539,1521,1566,1682,1875,2135,2386,2592,2708,2744,2727,2678,2585,2520,2477,2429,2391,2367,2324,2286,2245,2221,2227,2228,2198,2198,2188,2168,2107,2045
1873,1779,1759,1741,1732,1714,1708,1687,1699,1738,1780,1803,1818,1787,1743,1713,1698,1713,1838,2024,2226,2429,2617,2769,2824,2782,2716,2641,2546,2467,2419,2348,2313,2282,2291,2300,2327,2319,2296,2244,2211,2167,2124,2054,1998,1952,1929,1904,1911,1910,1901,1890,1868,1849,1847,1814,1797,1814,1819,1803,1822,1825,1842,1926,2079,2273,2482,2658,2758,2793,2784,2748,2717,2668,2575,2496,2444,2368,2320,2316,2332,2309,2301,2286,2251,2190,2152,2104,2032,1975,1955,1941,2000,2068,2127,2134,2113,2007,1939
1877,1858,1877,1871,1872,1890,1891,1862,1874,1952,2069,2261,2514,2703,2798,2810,2807,2785,2753,2705,2686,2602,2490,2420,2388,2334,2321,2319,2303,2254,2242,2241,2236,2219,2224,2193,2154,2119,2091,2059,2013,1979,1957,1959,2001,2034,2018,1998,1988,1955,1930,1938,1929,1899,1906,2007,2170,2385,2646,2874,3018,3070,3031,2916,2841,2780,2711,2649,2627,2564,2518,2490,2475,2456,2434,2356,2307,2301,2287,2246,2231,2210,2171,2127,2105,2081,2065,2073,2082,2115,2157,2164,2161,2144,2098,2044,1989,1919,1879
1849,1941,2051,2191,2425,2618,2780,2898,2963,2912,2839,2704,2606,2585,2630,2692,2753,2749,2687,2568,2457,2419,2408,2362,2321,2254,2188,2132,2116,2132,2126,2110,2115,2113,2100,2118,2138,2109,2076,2050,2020,1975,1976,1967,1969,1984,2041,2102,2238,2389,2557,2691,2795,2828,2827,2805,2788,2744,2693,2669,2659,2638,2649,2666,2640,2587,2549,2482,2466,2470,2497,2476,2447,2339,2226,2110,2047,2029,2031,2031,2051,2089,2168,2234,2274,2288,2277,2203,2140,2100,2031,1969,1957,2009,2194,2444,2733,3012,3201
3204,3106,2992,2898,2814,2721,2666,2629,2639,2652,2694,2707,2700,2636,2577,2519,2452,2369,2313,2328,2310,2253,2197,2151,2074,2063,2090,2107,2105,2073,2040,2008,2020,2035,2052,2029,2001,1987,1971,1959,2029,2168,2350,2555,2801,2981,3112,3144,3088,2989,2917,2845,2822,2834,2838,2807,2758,2697,2658,2610,2578,2518,2478,2452,2424,2379,2331,2265,2196,2132,2103,2119,2143,2157,2223,2257,2264,2253,2232,2153,2072,2033,2047,2013,1998,2007,2016,1986,2024,2101,2234,2414,2639,2859,3033,3169,3236,3229,3144
2900,2780,2701,2705,2738,2765,2757,2726,2675,2628,2599,2577,2556,2525,2485,2448,2447,2454,2507,2536,2530,2450,2355,2252,2186,2157,2181,2196,2166,2124,2071,2025,2018,2012,2011,2035,2123,2277,2498,2739,2978,3137,3204,3206,3177,3118,3038,2930,2828,2743,2667,2644,2651,2646,2630,2595,2560,2522,2510,2496,2472,2435,2400,2325,2313,2329,2346,2342,2346,2317,2259,2198,2159,2124,2101,2089,2064,2024,2017,1991,1966,1961,1957,1934,2021,2204,2447,2710,2975,3135,3216,3206,3160,3090,3023,2950,2921,2917,2904
2862,2838,2822,2800,2786,2760,2706,2662,2629,2566,2506,2471,2476,2522,2574,2637,2665,2610,2532,2453,2360,2278,2202,2111,2074,2071,2065,2090,2133,2144,2123,2094,2078,2153,2305,2512,2820,3108,3243,3284,3292,3198,3118,3095,3102,3100,3102,3068,3019,2963,2910,2856,2821,2769,2713,2625,2616,2627,2666,2694,2703,2615,2545,2462,2385,2326,2306,2265,2225,2167,2143,2118,2104,2092,2094,2116,2201,2347,2574,2843,3099,3257,3344,3342,3258,3205,3193,3158,3105,3066,2996,2919,2841,2789,2774,2744,2708,2655,2615
2528,2474,2469,2456,2439,2441,2446,2414,2366,2299,2262,2238,2228,2237,2250,2233,2224,2233,2269,2334,2506,2732,2961,3155,3322,3381,3354,3317,3304,3256,3177,3169,3177,3179,3174,3172,3121,3015,2901,2831,2792,2760,2743,2704,2656,2589,2541,2514,2503,2488,2493,2500,2495,2471,2447,2405,2323,2239,2178,2123,2125,2190,2312,2458,2663,2875,3108,3294,3429,3488,3507,3440,3366,3294,3227,3139,3082,3018,2999,2988,2998,2999,3038,3025,2988,2925,2846,2722,2629,2577,2543,2525,2525,2521,2555,2542,2519,2514,2481
2365,2320,2260,2200,2155,2127,2155,2236,2405,2642,2894,3124,3309,3387,3371,3355,3330,3268,3234,3203,3152,3100,3075,3031,3000,2940,2910,2893,2904,2863,2797,2705,2606,2484,2422,2424,2428,2429,2474,2508,2545,2570,2588,2567,2524,2431,2374,2322,2323,2394,2549,2744,2997,3221,3387,3446,3435,3400,3360,3295,3240,3200,3127,3048,3030,3023,2982,2960,2956,2911,2869,2839,2772,2681,2612,2588,2579,2563,2537,2520,2471,2460,2452,2463,2478,2479,2463,2430,2362,2251,2182,2160,2277,2481,2746,3051,3285,3392,3475
3436,3400,3368,3315,3265,3233,3218,3220,3235,3281,3284,3247,3195,3113,2990,2865,2785,2708,2667,2651,2676,2670,2641,2626,2592,2549,2552,2560,2536,2534,2523,2452,2370,2272,2205,2223,2352,2579,2904,3181,3375,3500,3522,3478,3434,3377,3308,3237,3198,3173,3169,3163,3179,3156,3112,3074,3016,2926,2866,2837,2793,2767,2764,2732,2689,2643,2593,2539,2476,2409,2361,2300,2280,2268,2268,2307,2448,2628,2848,3068,3253,3337,3353,3309,3261,3216,3204,3187,3200,3206,3182,3164,3139,3082,3015,2960,2875,2795,2721
2597,2546,2529,2541,2537,2530,2525,2478,2418,2364,2323,2254,2207,2241,2357,2529,2784,3043,3232,3356,3394,3331,3290,3240,3167,3093,3039,2977,2948,2919,2932,2926,2906,2851,2784,2709,2713,2692,2651,2617,2575,2490,2411,2356,2322,2281,2227,2191,2155,2092,2064,2079,2184,2363,2610,2857,3093,3240,3302,3285,3266,3220,3190,3172,3215,3201,3184,3161,3141,3087,3059,2999,2917,2833,2774,2731,2709,2694,2667,2630,2575,2538,2499,2439,2363,2330,2288,2255,2285,2303,2317,2346,2409,2489,2674,2873,3062,3194,3277
3194,3141,3111,3067,3036,3029,3033,3029,3047,3041,3009,2942,2859,2767,2700,2603,2543,2530,2528,2528,2519,2478,2417,2378,2325,2248,2203,2153,2057,1975,1953,1952,2019,2169,2396,2635,2875,3062,3159,3193,3207,3173,3112,3074,3036,3009,3011,3014,3006,2959,2892,2825,2741,2622,2535,2433,2348,2297,2280,2282,2280,2250,2213,2173,2123,2090,2072,2031,1992,1943,1934,2013,2197,2453,2767,3034,3221,3334,3379,3352,3311,3269,3228,3157,3091,3066,3061,3032,3011,2989,2953,2894,2813,2744,2687,2608,2522,2479,2419
2311,2312,2316,2334,2344,2303,2247,2154,2037,1938,1903,1877,1960,2161,2435,2723,2993,3177,3281,3321,3319,3281,3217,3154,3112,3055,3017,3036,3052,3011,2969,2941,2854,2728,2635,2552,2470,2388,2382,2379,2378,2379,2388,2349,2292,2263,2230,2173,2107,2026,1951,1880,1865,1866,1884,1931,2091,2290,2512,2761,2972,3084,3141,3181,3159,3106,3036,2967,2900,2847,2831,2816,2791,2761,2734,2662,2598,2550,2513,2472,2465,2427,2371,2297,2234,2178,2147,2125,2092,2081,2060,1992,1933,1910,1926,1995,2167,2391,2652
3025,3136,3201,3220,3250,3236,3210,3157,3111,3042,3001,2972,2941,2877,2833,2767,2690,2595,2506,2445,2411,2366,2344,2324,2271,2194,2134,2094,2069,2036,2017,1964,1916,1860,1796,1756,1807,1910,2111,2415,2721,2994,3208,3285,3278,3224,3138,3047,2983,2927,2926,2916,2911,2910,2905,2843,2778,2700,2638,2583,2520,2492,2474,2412,2346,2271,2177,2085,2012,1930,1890,1896,1907,1899,1881,1847,1783,1743,1804,1944,2172,2430,2690,2883,3010,3046,3027,2973,2928,2873,2810,2755,2712,2668,2668,2682,2675,2642,2605
2462,2410,2362,2295,2250,2212,2193,2177,2184,2167,2143,2092,2036,1997,1959,1898,1883,1910,1995,2153,2432,2723,3022,3188,3245,3186,3090,2952,2879,2832,2814,2782,2790,2801,2804,2789,2772,2695,2613,2542,2484,2416,2366,2311,2269,2222,2198,2189,2174,2144,2116,2062,1995,1925,1881,1851,1824,1799,1863,2009,2257,2565,2877,3105,3240,3263,3259,3228,3213,3199,3169,3153,3177,3179,3156,3124,3072,2981,2884,2798,2738,2657,2588,2522,2451,2357,2263,2179,2138,2129,2112,2083,2047,2011,1979,1961,1952,1923,1904
2023,2209,2453,2695,2892,3010,3067,3081,3071,3049,3061,3051,3021,2989,2952,2899,2861,2836,2817,2784,2721,2666,2607,2536,2470,2402,2334,2271,2209,2161,2149,2141,2121,2101,2080,2055,2022,1989,1921,1896,1955,2085,2317,2618,2904,3068,3137,3131,3076,2989,2934,2884,2824,2814,2828,2823,2832,2826,2771,2702,2626,2540,2487,2435,2381,2331,2287,2225,2175,2103,2074,2036,1997,1958,1957,1933,1925,1900,1856,1791,1782,1831,2001,2262,2556,2846,3077,3205,3283,3310,3308,3272,3240,3175,3123,3053,2992,2969,2943
2827,2779,2737,2679,2637,2591,2536,2432,2348,2274,2218,2162,2115,2068,2007,1938,1884,1817,1735,1685,1661,1636,1640,1698,1835,2086,2410,2736,3045,3268,3359,3356,3294,3228,3179,3114,3067,3050,3027,2984,2958,2937,2888,2845,2806,2742,2690,2670,2640,2581,2514,2427,2331,2239,2171,2106,2059,2061,2072,2066,2022,1945,1842,1733,1677,1724,1867,2073,2362,2651,2886,3039,3102,3050,2977,2901,2829,2766,2729,2702,2690,2701,2747,2781,2776,2740,2697,2598,2493,2410,2355,2285,2247,2221,2191,2127,2080,2015,1931
1820,1811,1824,1827,1819,1762,1746,1807,2003,2277,2574,2873,3082,3155,3182,3156,3086,3004,2946,2884,2849,2823,2833,2850,2843,2814,2802,2750,2665,2592,2546,2494,2457,2425,2388,2322,2229,2122,2045,1967,1910,1872,1863,1845,1823,1780,1731,1669,1659,1673,1792,2053,2402,2729,3044,3231,3259,3214,3149,3068,3023,3013,3002,2999,2979,2994,3009,2994,2972,2963,2912,2815,2713,2607,2509,2411,2317,2224,2136,2034,1968,1930,1903,1855,1818,1774,1723,1673,1644,1603,1550,1492,1444,1429,1508,1723,2043,2404,2757
